Workbook

Sheet ข้าราชการ
A1: รายละเอียดเงินเดือนข้าราชการ โรงพยาบาลสามโคก
A2: ประจำเดือนพฤศจิกายน 2568
A3: ที่ | B3: ชื่อ - นามสกุล | D3: รายรับ | N3: รายจ่าย
D4: ตำแหน่ง | E4: เงินเดือน | F4: เงินตำแหน่ง | G4: เงินเพิ่มพิเศษ ไม่ทำเวชปฏิบัติ | H4: ค่าตอบแทน พตส. | I4: ค่าตอบแทน ฉ.11 ตค.68 | J4: ค่าตอบแทนนอกเวลา ราชการ ตค.68 | K4: ค่าตอบแทนแพทย์ พย.68 | L4: ค่าการศึกษาบุตร | M4: ค่ารักษาพยาบาล | N4: ภาษี | O4: กบข. | P4: กยศ. | Q4: ฌกส. | R4: ออมสิน | S4: กรุงไทย | T4: ไฟฟ้า | U4: ประปา | V4: รับจริง
A8: 1 | B8: นายจตุพงษ์ | C8: จันทร์ทอง | D8: นายแพทย์ | G8: 200 | K8: 20 | S8: 10 | V8: =E8+F8+G8+H8+I8+J8+K8+L8+M8-N8-O8-P8-Q8-R8-S8-T8-U8 -> 210
A9: 2 | B9: น.ส.นิตยา | C9: สารีกิจ | D9: พ.วิชาชีพ | V9: =E9+F9+G9+H9+I9+J9+K9+L9+M9-N9-O9-P9-Q9-R9-S9-T9-U9 -> 0
A10: 3 | B10: น.ส.พนิดา | C10: พลนงค์ | D10: นักจัดการงานทั่วไป | V10: =E10+F10+G10+H10+I10+J10+K10+L10+M10-N10-O10-P10-Q10-R10-S10-T10-U10 -> 0
A11: 4 | B11: น.ส.รุ่งนภา | C11: พงษ์สีทอง | D11: จพง.ทันต | V11: =E11+F11+G11+H11+I11+J11+K11+L11+M11-N11-O11-P11-Q11-R11-S11-T11-U11 -> 0
A12: 5 | B12: นางระวิวรรรณ | C12: โพธิ์ทองคำ | D12: จพง.ทันต | V12: =E12+F12+G12+H12+I12+J12+K12+L12+M12-N12-O12-P12-Q12-R12-S12-T12-U12 -> 0
A13: 6 | B13: น.ส.ศิรินทรา | C13: บุญคำภา | D13: ทันตแพทย์ | V13: =E13+F13+G13+H13+I13+J13+K13+L13+M13-N13-O13-P13-Q13-R13-S13-T13-U13 -> 0
A14: 7 | B14: น.ส.พัชภาพร | C14: คุ้มเรือง | D14: จพง.ทันต | V14: =E14+F14+G14+H14+I14+J14+K14+L14+M14-N14-O14-P14-Q14-R14-S14-T14-U14 -> 0
A15: 8 | B15: นางนิติธร | C15: ศรียะพันธ์ | D15: ทันตแพทย์ | V15: =E15+F15+G15+H15+I15+J15+K15+L15+M15-N15-O15-P15-Q15-R15-S15-T15-U15 -> 0
A16: 9 | B16: นายรุจนพล | C16: อมรลักษณานนท์ | D16: ทันตแพทย์ | V16: =E16+F16+G16+H16+I16+J16+K16+L16+M16-N16-O16-P16-Q16-R16-S16-T16-U16 -> 0
A17: 10 | B17: น.ส.อัญพิชญ์ | C17: วาสะประเสริฐ | D17: ทันตแพทย์ | V17: =E17+F17+G17+H17+I17+J17+K17+L17+M17-N17-O17-P17-Q17-R17-S17-T17-U17 -> 0
A18: 11 | B18: น.ส.บังอร | C18: ศรีไตรภพ | D18: นายแพทย์ | V18: =E18+F18+G18+H18+I18+J18+K18+L18+M18-N18-O18-P18-Q18-R18-S18-T18-U18 -> 0
A19: 12 | B19: นางสิริพักตร์ | C19: สุขสอาด | D19: จพง.รังสี | V19: =E19+F19+G19+H19+I19+J19+K19+L19+M19-N19-O19-P19-Q19-R19-S19-T19-U19 -> 0
A20: 13 | B20: นางวิริยา | C20: มาตรา | D20: เภสัชกร | V20: =E20+F20+G20+H20+I20+J20+K20+L20+M20-N20-O20-P20-Q20-R20-S20-T20-U20 -> 0
... A24: 17 | B24: น.ส.พิรดา | C24: วงศ์ซื่อ | D24: เภสัชกร | V24: =E24+F24+G24+H24+I24+J24+K24+L24+M24-N24-O24-P24-Q24-R24-S24-T24-U24 -> 0
A25: ยอดยกไป | E25: =SUM(E8:E24) -> 0 | F25: =SUM(F8:F24) -> 0 | G25: =SUM(G8:G24) -> 200 | H25: =SUM(H8:H24) -> 0 | I25: =SUM(I8:I24) -> 0 | J25: =SUM(J8:J24) -> 0 | K25: =SUM(K8:K24) -> 20 | L25: =SUM(L8:L24) -> 0 | ... V25: =SUM(V8:V24) -> 210
A26: ยอดยกมา | E26: =E25 -> 0 | F26: =F25 -> 0 | G26: =G25 -> 200 | H26: =H25 -> 0 | I26: =I25 -> 0 | J26: =J25 -> 0 | K26: =K25 -> 20 | L26: =L25 -> 0 | ... V26: =V25 -> 210
A27: 18 | B27: นางจิตวรินทร์ | C27: สิทธิโท | D27: พ.วิชาชีพ | V27: =E27+F27+G27+H27+I27+J27+K27+L27+M27-N27-O27-P27-Q27-R27-S27-T27-U27 -> 0
A28: 19 | B28: นางศิริวรรณ | C28: ปิยะพันธ์ | D28: พ.วิชาชีพ | V28: =E28+F28+G28+H28+I28+J28+K28+L28+M28-N28-O28-P28-Q28-R28-S28-T28-U28 -> 0
A29: 20 | B29: นางวิภาวรรณ | C29: นิ่มเดช | D29: พ.วิชาชีพ | V29: =E29+F29+G29+H29+I29+J29+K29+L29+M29-N29-O29-P29-Q29-R29-S29-T29-U29 -> 0
A30: 21 | B30: นางภคณี | C30: ศรีโสภณ | D30: พ.วิชาชีพ | V30: =E30+F30+G30+H30+I30+J30+K30+L30+M30-N30-O30-P30-Q30-R30-S30-T30-U30 -> 0
A31: 22 | B31: นางกิตติยา | C31: คลับคล้าย | D31: พ.วิชาชีพ | V31: =E31+F31+G31+H31+I31+J31+K31+L31+M31-N31-O31-P31-Q31-R31-S31-T31-U31 -> 0
A32: 23 | B32: น.ส.อรอุมา | C32: เกิดภาษี | D32: พ.วิชาชีพ | V32: =E32+F32+G32+H32+I32+J32+K32+L32+M32-N32-O32-P32-Q32-R32-S32-T32-U32 -> 0
A33: 24 | B33: นางอรุณรัตน์ | C33: ภควัตชัย | D33: พ.วิชาชีพ | V33: =E33+F33+G33+H33+I33+J33+K33+L33+M33-N33-O33-P33-Q33-R33-S33-T33-U33 -> 0
A34: 25 | B34: น.ส.จีรวัจน์ | C34: ฤทธิรณ | D34: พ.วิชาชีพ | V34: =E34+F34+G34+H34+I34+J34+K34+L34+M34-N34-O34-P34-Q34-R34-S34-T34-U34 -> 0
A35: 26 | B35: น.ส.พจนา | C35: พวงธรรม | D35: พ.วิชาชีพ | V35: =E35+F35+G35+H35+I35+J35+K35+L35+M35-N35-O35-P35-Q35-R35-S35-T35-U35 -> 0
A36: 27 | B36: นางพรทิพย์ | C36: ธนเตชะสิน | D36: พ.วิชาชีพ | V36: =E36+F36+G36+H36+I36+J36+K36+L36+M36-N36-O36-P36-Q36-R36-S36-T36-U36 -> 0
A37: 28 | B37: นางวิภาพร | C37: มีทา | D37: พ.วิชาชีพ | V37: =E37+F37+G37+H37+I37+J37+K37+L37+M37-N37-O37-P37-Q37-R37-S37-T37-U37 -> 0
A38: 29 | B38: น.ส.ปาจรีย์ | C38: เยื่อปุย | D38: พ.วิชาชีพ | V38: =E38+F38+G38+H38+I38+J38+K38+L38+M38-N38-O38-P38-Q38-R38-S38-T38-U38 -> 0
... A42: 33 | B42: น.ส.สุดารัตน์ | C42: จั่นจำรูญ | D42: พ.วิชาชีพ | V42: =E42+F42+G42+H42+I42+J42+K42+L42+M42-N42-O42-P42-Q42-R42-S42-T42-U42 -> 0
A43: ยอดยกไป | E43: =SUM(E26:E42) -> 0 | F43: =SUM(F26:F42) -> 0 | G43: =SUM(G26:G42) -> 200 | H43: =SUM(H26:H42) -> 0 | I43: =SUM(I26:I42) -> 0 | J43: =SUM(J26:J42) -> 0 | K43: =SUM(K26:K42) -> 20 | L43: =SUM(L26:L42) -> 0 | ... V43: =SUM(V26:V42) -> 210
A44: ยอดยกมา | E44: =E43 -> 0 | F44: =F43 -> 0 | G44: =G43 -> 200 | H44: =H43 -> 0 | I44: =I43 -> 0 | J44: =J43 -> 0 | K44: =K43 -> 20 | L44: =L43 -> 0 | ... V44: =V43 -> 210
A45: 34 | B45: น.ส.ผกาพรรณ | C45: พรรณพลีวรรณ | D45: พ.วิชาชีพ | V45: =E45+F45+G45+H45+I45+J45+K45+L45+M45-N45-O45-P45-Q45-R45-S45-T45-U45 -> 0
A46: 35 | B46: น.ส.ปวีณ์สุดา | C46: จันทรประยงค์ | D46: พ.วิชาชีพ | V46: =E46+F46+G46+H46+I46+J46+K46+L46+M46-N46-O46-P46-Q46-R46-S46-T46-U46 -> 0
A47: 36 | B47: น.ส.รจนา | C47: สาสาร | D47: พ.วิชาชีพ | V47: =E47+F47+G47+H47+I47+J47+K47+L47+M47-N47-O47-P47-Q47-R47-S47-T47-U47 -> 0
A48: 37 | B48: น.ส.จิตรวดี | C48: วิโรจน์ | D48: พ.วิชาชีพ | V48: =E48+F48+G48+H48+I48+J48+K48+L48+M48-N48-O48-P48-Q48-R48-S48-T48-U48 -> 0
A49: 38 | B49: น.ส.ทิพาพร | C49: ดนตรีเสนาะ | D49: พ.วิชาชีพ | V49: =E49+F49+G49+H49+I49+J49+K49+L49+M49-N49-O49-P49-Q49-R49-S49-T49-U49 -> 0
A50: 39 | B50: น.ส.ยุวดี | C50: พิพานเมฆาภรณ์ | D50: เภสัชกร | V50: =E50+F50+G50+H50+I50+J50+K50+L50+M50-N50-O50-P50-Q50-R50-S50-T50-U50 -> 0
A51: 40 | B51: นางเสาวรัตน์ | C51: เฮงยศมาก | D51: พ.วิชาชีพ | V51: =E51+F51+G51+H51+I51+J51+K51+L51+M51-N51-O51-P51-Q51-R51-S51-T51-U51 -> 0
A52: 41 | B52: น.ส.ชัญญา | C52: มุขศรี | D52: นักเทคนิคฯ | V52: =E52+F52+G52+H52+I52+J52+K52+L52+M52-N52-O52-P52-Q52-R52-S52-T52-U52 -> 0
A53: 42 | B53: น.ส.เยาวพา | C53: ทองพยงค์ | D53: พ.วิชาชีพ | V53: =E53+F53+G53+H53+I53+J53+K53+L53+M53-N53-O53-P53-Q53-R53-S53-T53-U53 -> 0
A54: 43 | B54: นายเพชร | C54: บัวบาน | D54: นวก.สาธารณสุข | V54: =E54+F54+G54+H54+I54+J54+K54+L54+M54-N54-O54-P54-Q54-R54-S54-T54-U54 -> 0
A55: 44 | B55: น.ส.อริศรา | C55: ฉะอ้อน | D55: นักโภชนาการ | V55: =E55+F55+G55+H55+I55+J55+K55+L55+M55-N55-O55-P55-Q55-R55-S55-T55-U55 -> 0
A56: 45 | B56: นางปิยะวรรณ | C56: เพียรภายลุน | D56: พ.วิชาชีพ | V56: =E56+F56+G56+H56+I56+J56+K56+L56+M56-N56-O56-P56-Q56-R56-S56-T56-U56 -> 0
... A60: 49 | B60: น.ส.ขวัญธิดา | C60: อินทรชัย | D60: นักกายภาพ | V60: =E60+F60+G60+H60+I60+J60+K60+L60+M60-N60-O60-P60-Q60-R60-S60-T60-U60 -> 0
A61: ยอดยกไป | E61: =SUM(E44:E60) -> 0 | F61: =SUM(F44:F60) -> 0 | G61: =SUM(G44:G60) -> 200 | H61: =SUM(H44:H60) -> 0 | I61: =SUM(I44:I60) -> 0 | J61: =SUM(J44:J60) -> 0 | K61: =SUM(K44:K60) -> 20 | L61: =SUM(L44:L60) -> 0 | ... V61: =SUM(V44:V60) -> 210
A62: ยอดยกมา | E62: =E61 -> 0 | F62: =F61 -> 0 | G62: =G61 -> 200 | H62: =H61 -> 0 | I62: =I61 -> 0 | J62: =J61 -> 0 | K62: =K61 -> 20 | L62: =L61 -> 0 | ... V62: =V61 -> 210
A63: 50 | B63: น.ส.เบญจวรรณ | C63: หอมแก่นจันทร์ | D63: นักเทคนิคฯ | V63: =E63+F63+G63+H63+I63+J63+K63+L63+M63-N63-O63-P63-Q63-R63-S63-T63-U63 -> 0
A64: 51 | B64: น.ส.แสงจันทร์ | C64: เหลาทอง | D64: นวก.สาธารณสุข | V64: =E64+F64+G64+H64+I64+J64+K64+L64+M64-N64-O64-P64-Q64-R64-S64-T64-U64 -> 0
A65: 52 | B65: น.ส.รุจิรา | C65: ต่อซอน | D65: นวก.สาธารณสุข | V65: =E65+F65+G65+H65+I65+J65+K65+L65+M65-N65-O65-P65-Q65-R65-S65-T65-U65 -> 0
A66: 53 | B66: น.ส.ศิริรัตน์ | C66: ส่องแสง | D66: พ.วิชาชีพ | V66: =E66+F66+G66+H66+I66+J66+K66+L66+M66-N66-O66-P66-Q66-R66-S66-T66-U66 -> 0
A67: 54 | B67: น.ส.วิลาวัณย์ | C67: วงศ์ราตรี | D67: พ.วิชาชีพ | V67: =E67+F67+G67+H67+I67+J67+K67+L67+M67-N67-O67-P67-Q67-R67-S67-T67-U67 -> 0
A68: 55 | B68: น.ส.มนัสสิกานต์ | C68: บุญชนะ | D68: พ.วิชาชีพ | V68: =E68+F68+G68+H68+I68+J68+K68+L68+M68-N68-O68-P68-Q68-R68-S68-T68-U68 -> 0
A69: 56 | B69: น.ส.จิระวดี | C69: กันทะมัง | D69: นวก.สาธารณสุข | V69: =E69+F69+G69+H69+I69+J69+K69+L69+M69-N69-O69-P69-Q69-R69-S69-T69-U69 -> 0
A70: 57 | B70: นายอติวิชญ์ | C70: จิรัฐิติชีพ | D70: นายแพทย์ | V70: =E70+F70+G70+H70+I70+J70+K70+L70+M70-N70-O70-P70-Q70-R70-S70-T70-U70 -> 0
A71: 58 | B71: นายกฤษณพล | C71: พิณสุวรรณ์ | D71: นายแพทย์ | V71: =E71+F71+G71+H71+I71+J71+K71+L71+M71-N71-O71-P71-Q71-R71-S71-T71-U71 -> 0
A72: 59 | B72: น.ส.จุฑาธิบดิ์ | C72: พรหมเชียง | D72: นายแพทย์ | V72: =E72+F72+G72+H72+I72+J72+K72+L72+M72-N72-O72-P72-Q72-R72-S72-T72-U72 -> 0
A75: รวมทั้งสิ้น | E75: =SUM(E62:E74) -> 0 | F75: =SUM(F62:F74) -> 0 | G75: =SUM(G62:G74) -> 200 | H75: =SUM(H62:H74) -> 0 | I75: =SUM(I62:I74) -> 0 | J75: =SUM(J62:J74) -> 0 | K75: =SUM(K62:K74) -> 20 | L75: =SUM(L62:L74) -> 0 | ... V75: =SUM(V62:V74) -> 210

Sheet ลจ.ประจำ
A1: รายละเอียดเงินเดือนค่าจ้างประจำ โรงพยาบาลสามโคก
A2: =[1]ข้าราชการ!A2 -> ประจำเดือนพฤศจิกายน 2568
A3: ที่ | B3: ชื่อ - นามสกุล | D3: รายรับ | N3: รายจ่าย
D4: ตำแหน่ง | E4: เงินเดือน | F4: เงินตำแหน่ง | G4: เงินเพิ่มพิเศษ ไม่ทำเวชปฏิบัติ | H4: ค่าตอบแทน พตส. | I4: ค่าตอบแทน ฉ.11 ตค.68 | J4: ค่าตอบแทนนอกเวลา ราชการ ตค.68 | K4: ตกเบิกเงินเดือน | L4: ค่าการศึกษาบุตร | M4: ค่ารักษาพยาบาล | N4: ภาษี | O4: กสจ. | P4: สหกรณ์ | Q4: ฌกส. | R4: ออมสิน | S4: กรุงไทย | T4: ไฟฟ้า | U4: ประปา | V4: รับจริง
A8: 1 | B8: นางวรรณา | C8: ถนอมงาม | D8: พนักงานพัสดุ | I8: 10 | V8: =E8+F8+G8+H8+I8+J8+K8+L8+M8-N8-O8-P8-Q8-R8-S8-T8-U8 -> 10
A23: รวมทั้งสิ้น | E23: =SUM(E8:E10) -> 0 | F23: =SUM(F8:F10) -> 0 | G23: =SUM(G8:G10) -> 0 | H23: =SUM(H8:H10) -> 0 | I23: =SUM(I8:I11) -> 10 | J23: =SUM(J8:J15) -> 0 | K23: =SUM(K8:K15) -> 0 | L23: =SUM(L8:L15) -> 0 | M23: =SUM(M8:M15) -> 0 | N23: =SUM(N8:N10) -> 0 | O23: =SUM(O8:O10) -> 0 | P23: =SUM(P8:P10) -> 0 | Q23: =SUM(Q8:Q10) -> 0 | R23: =SUM(R8:R10) -> 0 | T23: =SUM(T8:T10) -> 0 | U23: =SUM(U8:U10) -> 0 | V23: =SUM(V8:V16) -> 10

Sheet พนักงาน
A1: รายละเอียดเงินเดือนพนักงานราชการ โรงพยาบาลสามโคก
A2: =[1]ข้าราชการ!A2 -> ประจำเดือนพฤศจิกายน 2568
A3: ที่ | B3: ชื่อ - นามสกุล | D3: รายรับ | N3: รายจ่าย
D4: ตำแหน่ง | E4: เงินเดือน | F4: เงินตำแหน่ง | G4: เงินเพิ่มพิเศษไม่ทำเวชปฏิบัติ | H4: ค่าตอบแทน พตส. | I4: ค่าตอบแทน ฉ.11 ตค.68 | J4: ค่าตอบแทนนอกเวลา ราชการ ตค.68 | K4: ตกเบิกเงินเดือน | L4: ค่าการศึกษาบุตร | M4: ค่ารักษาพยาบาล | N4: ภาษี | O4: ปกส. | P4: สหกรณ์ | Q4: ฌกส. | R4: ออมสิน | S4: กยศ. | T4: ไฟฟ้า | U4: ประปา | V4: รับจริง
A8: 1 | B8: น.ส.สุมาลี | C8: เสือเพชร | D8: นวก.การเงินและบัญชี | I8: 2 | J8: 3 | V8: =E8+F8+G8+H8+I8+J8+K8+L8+M8-N8-O8-P8-Q8-R8-S8-T8-U8 -> 5
A9: 2 | B9: น.ส.พิทยาภรณ์ | C9: เจริญสุข | D9: แพทย์แผนไทย | V9: =E9+F9+G9+H9+I9+J9+K9+L9+M9-N9-O9-P9-Q9-R9-S9-T9-U9 -> 0
A10: 3 | B10: น.ส.ณัฐวินีย์ | C10: แสงภูติ | D10: เภสัชกร | V10: =E10+F10+G10+H10+I10+J10+K10+L10+M10-N10-O10-P10-Q10-R10-S10-T10-U10 -> 0
A11: 4 | B11: น.ส.อัญธิญาน์ | C11: พรชัยวุฒิพงษ์ | D11: นักวิชาการพัสดุ | V11: =E11+F11+G11+H11+I11+J11+K11+L11+M11-N11-O11-P11-Q11-R11-S11-T11-U11 -> 0
A24: รวมทั้งสิ้น | E24: =SUM(E8:E23) -> 0 | F24: =SUM(F8:F23) -> 0 | G24: =SUM(G8:G23) -> 0 | H24: =SUM(H8:H23) -> 0 | I24: =SUM(I8:I23) -> 2 | J24: =SUM(J8:J23) -> 3 | K24: =SUM(K8:K23) -> 0 | L24: =SUM(L8:L23) -> 0 | ... V24: =SUM(V8:V23) -> 5

Sheet พกส.
A1: รายละเอียดเงินเดือนพนักงานกระทรวงสาธารณสุข โรงพยาบาลสามโคก
A2: =[1]ข้าราชการ!A2 -> ประจำเดือนพฤศจิกายน 2568
A3: ที่ | B3: ชื่อ - นามสกุล | D3: รายรับ | N3: รายจ่าย
D4: ตำแหน่ง | E4: เงินเดือน | F4: เงินตำแหน่ง | G4: เงินเพิ่มพิเศษไม่ทำเวชปฏิบัติ | H4: ค่าตอบแทน พตส.พย.68 | I4: ค่าตอบแทน ฉ.11 ตค.68 | J4: ค่าตอบแทนนอกเวลา ราชการ ตค.68 | K4: ค่าตอบแทนพิเศษเต็มขั้น ตค.-พย.68 | L4: ตกเบิกเงินเดือน ตค.68 | M4: ค่ารักษาพยาบาล | N4: ปกส. | O4: สหกรณ์ | P4: ฌกส. | Q4: ออมสิน | R4: กสล.พกส. | S4: กรุงไทย | T4: กยศ. | U4: ไฟฟ้า | V4: ประปา | W4: รับจริง
A8: 1 | B8: น.ส.จรัสศรี | C8: แสนศรี | D8: พนักงานธุรการ | E8: 10 | L8: 3 | N8: 1 | O8: 1 | R8: 1 | W8: =E8+F8+G8+H8+I8+J8+K8+L8+M8-N8-O8-P8-Q8-R8-S8-T8-U8-V8 -> 10
A9: 2 | B9: น.ส.เบญจวรรณ | C9: สุขชูศรี | D9: พนง.ช่วยเหลือคนไข้ | E9: 10 | K9: 500 | P9: 1 | Q9: 2 | W9: =E9+F9+G9+H9+I9+J9+K9+L9+M9-N9-O9-P9-Q9-R9-S9-T9-U9-V9 -> 507
A10: 3 | B10: นายสัญญา | C10: แย้มดี | D10: พนง.ช่วยเหลือคนไข้ | E10: 10 | Q10: 2 | T10: 2 | U10: 1 | V10: 1 | W10: =E10+F10+G10+H10+I10+J10+K10+L10+M10-N10-O10-P10-Q10-R10-S10-T10-U10-V10 -> 4
A11: 4 | B11: น.ส.วันวิลัย | C11: เวฬุวนารักษ์ | D11: ผู้ช่วยทันตแพทย์ | W11: =E11+F11+G11+H11+I11+J11+K11+L11+M11-N11-O11-P11-Q11-R11-S11-T11-U11-V11 -> 0
A12: 5 | B12: น.ส.เรณุกา | C12: อุบลพงษ์ | D12: นักจัดการงานทั่วไป | W12: =E12+F12+G12+H12+I12+J12+K12+L12+M12-N12-O12-P12-Q12-R12-S12-T12-U12-V12 -> 0
A13: 6 | B13: น.ส.อมรรัตน์ | C13: บุตรเรือง | D13: นวก.การเงินและบัญชี | W13: =E13+F13+G13+H13+I13+J13+K13+L13+M13-N13-O13-P13-Q13-R13-S13-T13-U13-V13 -> 0
A14: 7 | B14: นายวีรชัย | C14: มงคลธง | D14: นวก.การเงินและบัญชี | W14: =E14+F14+G14+H14+I14+J14+K14+L14+M14-N14-O14-P14-Q14-R14-S14-T14-U14-V14 -> 0
A15: 8 | B15: นางสินีนาฎ | C15: เขียวระยับ | D15: นวก.การเงินและบัญชี | W15: =E15+F15+G15+H15+I15+J15+K15+L15+M15-N15-O15-P15-Q15-R15-S15-T15-U15-V15 -> 0
A16: 9 | B16: น.ส.วิราภรณ์ | C16: มงคลธง | D16: นวก.การเงินและบัญชี | W16: =E16+F16+G16+H16+I16+J16+K16+L16+M16-N16-O16-P16-Q16-R16-S16-T16-U16-V16 -> 0
A17: 10 | B17: น.ส.จิรวรรณ | C17: เยี่ยมจรรยา | D17: พนักงานประจำห้องยา | W17: =E17+F17+G17+H17+I17+J17+K17+L17+M17-N17-O17-P17-Q17-R17-S17-T17-U17-V17 -> 0
A18: 11 | B18: น.ส.วิลาวัณย์ | C18: คล้ายประสิทธิ์ | D18: พนง.ช่วยเหลือคนไข้ | W18: =E18+F18+G18+H18+I18+J18+K18+L18+M18-N18-O18-P18-Q18-R18-S18-T18-U18-V18 -> 0
A19: 12 | B19: น.ส.กิติยาพร | C19: โพธิ์ทอง | D19: พนง.ช่วยเหลือคนไข้ | W19: =E19+F19+G19+H19+I19+J19+K19+L19+M19-N19-O19-P19-Q19-R19-S19-T19-U19-V19 -> 0
A20: 13 | B20: น.ส.ธัญญารัตน์ | C20: เฉียดจะโป๊ะ | D20: พนง.ช่วยเหลือคนไข้ | W20: =E20+F20+G20+H20+I20+J20+K20+L20+M20-N20-O20-P20-Q20-R20-S20-T20-U20-V20 -> 0
A21: 14 | B21: นางนุชรา | C21: ชักชวน | D21: พนักงานประจำห้องยา | W21: =E21+F21+G21+H21+I21+J21+K21+L21+M21-N21-O21-P21-Q21-R21-S21-T21-U21-V21 -> 0
A22: 15 | B22: น.ส.วินา | C22: จันสด | D22: ผู้ช่วยทันตแพทย์ | W22: =E22+F22+G22+H22+I22+J22+K22+L22+M22-N22-O22-P22-Q22-R22-S22-T22-U22-V22 -> 0
... A24: 17 | B24: น.ส.กรรณิการ์ | C24: แสงมีคุณ | D24: พนักงานบริการ | W24: =E24+F24+G24+H24+I24+J24+K24+L24+M24-N24-O24-P24-Q24-R24-S24-T24-U24-V24 -> 0
A25: ยอดยกไป | E25: =SUM(E8:E24) -> 30 | F25: =SUM(F8:F24) -> 0 | G25: =SUM(G8:G24) -> 0 | H25: =SUM(H8:H24) -> 0 | I25: =SUM(I8:I24) -> 0 | J25: =SUM(J8:J24) -> 0 | K25: =SUM(K8:K24) -> 500 | L25: =SUM(L8:L24) -> 3 | ... W25: =SUM(W8:W24) -> 521
A26: ยอดยกมา | E26: =E25 -> 30 | F26: =F25 -> 0 | G26: =G25 -> 0 | H26: =H25 -> 0 | I26: =I25 -> 0 | J26: =J25 -> 0 | K26: =K25 -> 500 | L26: =L25 -> 3 | ... W26: =W25 -> 521
A27: 18 | B27: นายปรีดา | C27: การเก่ง | D27: พนง.ช่วยเหลือคนไข้ | W27: =E27+F27+G27+H27+I27+J27+K27+L27+M27-N27-O27-P27-Q27-R27-S27-T27-U27-V27 -> 0
A28: 19 | B28: น.ส.อรชนกพร | C28: อินทรขลิบ | D28: พนง.ช่วยเหลือคนไข้ | W28: =E28+F28+G28+H28+I28+J28+K28+L28+M28-N28-O28-P28-Q28-R28-S28-T28-U28-V28 -> 0
A29: 20 | B29: น.ส.อรญา | C29: แก้วตา | D29: นักวิชาการสาธารณสุข | W29: =E29+F29+G29+H29+I29+J29+K29+L29+M29-N29-O29-P29-Q29-R29-S29-T29-U29-V29 -> 0
A30: 21 | B30: น.ส.อัฉรา | C30: เรืองเพ็ชร์ | D30: พนักงานบริการ | W30: =E30+F30+G30+H30+I30+J30+K30+L30+M30-N30-O30-P30-Q30-R30-S30-T30-U30-V30 -> 0
A31: 22 | B31: น.ส.วชิรา | C31: โตสัจจะ | D31: นักกายภาพบำบัด | H31: 50 | J31: 5 | W31: =E31+F31+G31+H31+I31+J31+K31+L31+M31-N31-O31-P31-Q31-R31-S31-T31-U31-V31 -> 55
A32: 23 | B32: น.ส.รสิตา | C32: พรรณอรรถ | D32: นักจิตวิทยา | W32: =E32+F32+G32+H32+I32+J32+K32+L32+M32-N32-O32-P32-Q32-R32-S32-T32-U32-V32 -> 0
A33: 24 | B33: น.ส.ณัฐทิตา | C33: จันทรเกษมศุก | D33: นักวิชาการสาธารณสุข | W33: =E33+F33+G33+H33+I33+J33+K33+L33+M33-N33-O33-P33-Q33-R33-S33-T33-U33-V33 -> 0
A34: 25 | B34: นางศรัณย์ธร | C34: ครุฑสิน | D34: พนง.ช่วยเหลือคนไข้ | W34: =E34+F34+G34+H34+I34+J34+K34+L34+M34-N34-O34-P34-Q34-R34-S34-T34-U34-V34 -> 0
A35: 26 | B35: นายธรรมรัฐ | C35: บัวหลวง | D35: พนง.ช่วยเหลือคนไข้ | W35: =E35+F35+G35+H35+I35+J35+K35+L35+M35-N35-O35-P35-Q35-R35-S35-T35-U35-V35 -> 0
A36: 27 | B36: น.ส.วรรณิภา | C36: เบญมาตย์ | D36: แพทย์แผนไทย | W36: =E36+F36+G36+H36+I36+J36+K36+L36+M36-N36-O36-P36-Q36-R36-S36-T36-U36-V36 -> 0
A37: 28 | B37: น.ส.ฐิติมา | C37: ช้างกอน | D37: นักวิชาการสาธารณสุข | W37: =E37+F37+G37+H37+I37+J37+K37+L37+M37-N37-O37-P37-Q37-R37-S37-T37-U37-V37 -> 0
A38: 29 | B38: นายอัฐพล | C38: วงค์คำดี | D38: พนักงานขับรถยนต์ | W38: =E38+F38+G38+H38+I38+J38+K38+L38+M38-N38-O38-P38-Q38-R38-S38-T38-U38-V38 -> 0
A39: 30 | B39: น.ส.วรรณวิสา | C39: ธนะจักร์ | D39: พนง.ช่วยเหลือคนไข้ | W39: =E39+F39+G39+H39+I39+J39+K39+L39+M39-N39-O39-P39-Q39-R39-S39-T39-U39-V39 -> 0
A40: 31 | B40: น.ส.ศิริลักษณ์ | C40: ชมภูนุช | D40: พนง.ช่วยเหลือคนไข้ | W40: =E40+F40+G40+H40+I40+J40+K40+L40+M40-N40-O40-P40-Q40-R40-S40-T40-U40-V40 -> 0
A43: รวมทั้งสิ้น | E43: =SUM(E26:E40) -> 30 | F43: =SUM(F26:F40) -> 0 | G43: =SUM(G26:G40) -> 0 | H43: =SUM(H26:H40) -> 50 | I43: =SUM(I26:I40) -> 0 | J43: =SUM(J26:J40) -> 5 | K43: =SUM(K26:K40) -> 500 | L43: =SUM(L26:L40) -> 3 | ... V43: =SUM(V26:V40) -> 1 | W43: =SUM(W26:W42) -> 576

Sheet รายเดือน
A1: รายละเอียดเงินเดือนลูกจ้างชั่วคราวรายเดือน โรงพยาบาลสามโคก
A2: =[1]ข้าราชการ!A2 -> ประจำเดือนพฤศจิกายน 2568
A3: ที่ | B3: ชื่อ - นามสกุล | D3: รายรับ | N3: รายจ่าย
D4: ตำแหน่ง | E4: เงินเดือน | F4: เงินตำแหน่ง | G4: เงินเพิ่มพิเศษไม่ทำเวชปฏิบัติ | H4: ค่าตอบแทน พตส.พย.68 | I4: ค่าตอบแทน ฉ.11 ตค.68 | J4: ค่าตอบแทนนอกเวลา ราชการ ตค.68 | K4: ตกเบิกเงินเดือน | L4: ค่าการศึกษาบุตร | M4: ค่ารักษาพยาบาล | N4: ภาษี | O4: ปกส. | P4: สหกรณ์ | Q4: ฌกส. | R4: ออมสิน | S4: กยศ. | T4: ไฟฟ้า | U4: ประปา | V4: รับจริง
A8: 1 | B8: น.ส.ปพิชญา | C8: อังกีรัตน์ | D8: นักวิชาการสาธารณสุข | V8: =E8+F8+G8+H8+I8+J8+K8+L8+M8-N8-O8-P8-Q8-R8-S8-T8-U8 -> 0
A9: 2 | B9: น.ส.กัลยารัตน์ | C9: มหามนต์ | D9: นักวิชาการสาธารณสุข | V9: =E9+F9+G9+H9+I9+J9+K9+L9+M9-N9-O9-P9-Q9-R9-S9-T9-U9 -> 0
A10: 3 | B10: น.ส.วศิกา | C10: เจริญวุฒิกุล | D10: แพทย์แผนไทย | V10: =E10+F10+G10+H10+I10+J10+K10+L10+M10-N10-O10-P10-Q10-R10-S10-T10-U10 -> 0
A11: 4 | B11: น.ส.สุชาวดี | C11: อินกว่าง | D11: พยาบาลวิชาชีพ | V11: =E11+F11+G11+H11+I11+J11+K11+L11+M11-N11-O11-P11-Q11-R11-S11-T11-U11 -> 0
A12: 5 | B12: น.ส.สุภาดา | C12: อนันตะภูมิ | D12: พยาบาลวิชาชีพ | V12: =E12+F12+G12+H12+I12+J12+K12+L12+M12-N12-O12-P12-Q12-R12-S12-T12-U12 -> 0
A13: 6 | B13: น.ส.สุพัตรา | C13: พรมชาติ | D13: พยาบาลวิชาชีพ | V13: =E13+F13+G13+H13+I13+J13+K13+L13+M13-N13-O13-P13-Q13-R13-S13-T13-U13 -> 0
A14: 7 | B14: น.ส.มยุริญ | C14: ศรีมุกดา | D14: พยาบาลวิชาชีพ | V14: =E14+F14+G14+H14+I14+J14+K14+L14+M14-N14-O14-P14-Q14-R14-S14-T14-U14 -> 0
A15: 8 | B15: น.ส.ชลธิชา | C15: จำปาม่วง | D15: นักกายภาพบำบัด | V15: =E15+F15+G15+H15+I15+J15+K15+L15+M15-N15-O15-P15-Q15-R15-S15-T15-U15 -> 0
A16: 9 | B16: นายปุริม | C16: พิทยภูวไนย | D16: นักเทคนิคการแพทย์ | V16: =E16+F16+G16+H16+I16+J16+K16+L16+M16-N16-O16-P16-Q16-R16-S16-T16-U16 -> 0
A17: 10 | B17: น.ส.ปรารถนา | C17: ธรรมศักดิ์ชัย | D17: พนักงานประกอบอาหาร | V17: =E17+F17+G17+H17+I17+J17+K17+L17+M17-N17-O17-P17-Q17-R17-S17-T17-U17 -> 0
A18: 11 | B18: น.ส.พรปรียา | C18: สาไธสง | D18: พนักงานทั่วไป | V18: =E18+F18+G18+H18+I18+J18+K18+L18+M18-N18-O18-P18-Q18-R18-S18-T18-U18 -> 0
A19: 12 | B19: น.ส.บุษบง | C19: ดรบุรมย์ | D19: พนักงานบริการ | E19: 4 | O19: 1 | V19: =E19+F19+G19+H19+I19+J19+K19+L19+M19-N19-O19-P19-Q19-R19-S19-T19-U19 -> 3
A20: 13 | B20: น.ส.พรสิริ | C20: เวียงอินทร์ | D20: พนักงานเครื่องคอมพิวเตอร์ | V20: =E20+F20+G20+H20+I20+J20+K20+L20+M20-N20-O20-P20-Q20-R20-S20-T20-U20 -> 0
A21: 14 | B21: น.ส.นพมาศ | C21: คำสอน | D21: พนักงานช่วยเหลือคนไข้ | V21: =E21+F21+G21+H21+I21+J21+K21+L21+M21-N21-O21-P21-Q21-R21-S21-T21-U21 -> 0
A22: 15 | B22: น.ส.รัชตา | C22: พุ่มพยงค์ | D22: พนักงานช่วยเหลือคนไข้ | V22: =E22+F22+G22+H22+I22+J22+K22+L22+M22-N22-O22-P22-Q22-R22-S22-T22-U22 -> 0
A23: 16 | B23: น.ส.พรปวีณ์ | C23: ศรีโสภณ | D23: พนักงานบริการ | V23: =E23+F23+G23+H23+I23+J23+K23+L23+M23-N23-O23-P23-Q23-R23-S23-T23-U23 -> 0
A24: 17 | B24: นายศิรวิทย์ | C24: แก้วศรี | D24: พนักงานเปล | V24: =E24+F24+G24+H24+I24+J24+K24+L24+M24-N24-O24-P24-Q24-R24-S24-T24-U24 -> 0
A25: 18 | B25: นายบุญทำ | C25: จานทอง | D25: พนักงานเปล | V25: =E25+F25+G25+H25+I25+J25+K25+L25+M25-N25-O25-P25-Q25-R25-S25-T25-U25 -> 0
A26: รวมทั้งสิ้น | E26: =SUM(E8:E25) -> 4 | F26: =SUM(F8:F25) -> 0 | G26: =SUM(G8:G25) -> 0 | H26: =SUM(H8:H25) -> 0 | I26: =SUM(I8:I25) -> 0 | J26: =SUM(J8:J25) -> 0 | K26: =SUM(K8:K25) -> 0 | L26: =SUM(L9:L25) -> 0 | M26: =SUM(M9:M25) -> 0 | N26: =SUM(N9:N25) -> 0 | O26: =SUM(O8:O25) -> 1 | P26: =SUM(P8:P25) -> 0 | Q26: =SUM(Q8:Q25) -> 0 | R26: =SUM(R8:R25) -> 0 | S26: =SUM(S8:S25) -> 0 | T26: =SUM(T8:T25) -> 0 | U26: =SUM(U8:U25) -> 0 | V26: =SUM(V8:V25) -> 3

Sheet รายวัน
A1: รายละเอียดเงินเดือนลูกจ้างชั่วคราวรายวัน โรงพยาบาลสามโคก
A2: =[1]ข้าราชการ!A2 -> ประจำเดือนพฤศจิกายน 2568
A3: ที่ | B3: ชื่อ - นามสกุล | D3: รายรับ | N3: รายจ่าย
D4: ตำแหน่ง | E4: เงินเดือน | F4: เงินตำแหน่ง | G4: เงินเพิ่มพิเศษไม่ทำเวชปฏิบัติ | H4: ค่าตอบแทน พตส.พย.68 | I4: ค่าตอบแทน ฉ.11 ตค.68 | J4: ค่าตอบแทนนอกเวลา ราชการ ตค.68 | K4: ตกเบิกเงินเดือน | L4: ค่าการศึกษาบุตร | M4: ค่ารักษาพยาบาล | N4: ภาษี | O4: ปกส. | P4: สหกรณ์ | Q4: ฌกส. | R4: ออมสิน | S4: กยศ. | T4: ไฟฟ้า | U4: ประปา | V4: รับจริง
A8: 1 | B8: นางประเสริฐศรี | C8: พวงผกา | D8: พนักงานซักฟอก | V8: =E8+F8+G8+H8+I8+J8+K8+L8+M8-N8-O8-P8-Q8-R8-S8-T8-U8 -> 0
A9: 2 | B9: นายวัชรากร | C9: สถานพงษ์ | D9: พนักงานทั่วไป | V9: =E9+F9+G9+H9+I9+J9+K9+L9+M9-N9-O9-P9-Q9-R9-S9-T9-U9 -> 0
A10: 3 | B10: นางหวาน | C10: ตรีครุธพันธ์ | D10: แม่บ้าน | E10: 7 | V10: =E10+F10+G10+H10+I10+J10+K10+L10+M10-N10-O10-P10-Q10-R10-S10-T10-U10 -> 7
A11: 4 | B11: น.ส.บังอร | C11: ตรีครุธพันธ์ | D11: แม่บ้าน | V11: =E11+F11+G11+H11+I11+J11+K11+L11+M11-N11-O11-P11-Q11-R11-S11-T11-U11 -> 0
A12: 5 | B12: น.ส.วารุณี | C12: สอนมาลา | D12: แม่บ้าน | V12: =E12+F12+G12+H12+I12+J12+K12+L12+M12-N12-O12-P12-Q12-R12-S12-T12-U12 -> 0
A13: 6 | B13: นายศุภมิตร | C13: มีผล | D13: พนักงานการแพทย์และรังสีเทคนิค | V13: =E13+F13+G13+H13+I13+J13+K13+L13+M13-N13-O13-P13-Q13-R13-S13-T13-U13 -> 0
A14: 7 | B14: นายสุนันท์ | C14: เกษรสันติ์ | D14: พนักงานช่วยเหลือคนไข้ | V14: =E14+F14+G14+H14+I14+J14+K14+L14+M14-N14-O14-P14-Q14-R14-S14-T14-U14 -> 0
A15: 8 | B15: น.ส.นภา | C15: อนุเคราะห์ | D15: แม่บ้าน | V15: =E15+F15+G15+H15+I15+J15+K15+L15+M15-N15-O15-P15-Q15-R15-S15-T15-U15 -> 0
A16: 9 | B16: นายกิตติภพ | C16: แผ่พร | D16: พนักงานประจำห้องทดลอง | V16: =E16+F16+G16+H16+I16+J16+K16+L16+M16-N16-O16-P16-Q16-R16-S16-T16-U16 -> 0
A17: 10 | B17: น.ส.ชลนิชา | C17: นาคจันทร์ | D17: พนักงานช่วยเหลือคนไข้ | V17: =E17+F17+G17+H17+I17+J17+K17+L17+M17-N17-O17-P17-Q17-R17-S17-T17-U17 -> 0
A18: 11 | B18: นายอนุพงศ์ | C18: ยิ้มอ่อน | D18: พนักงานช่วยเหลือคนไข้ | V18: =E18+F18+G18+H18+I18+J18+K18+L18+M18-N18-O18-P18-Q18-R18-S18-T18-U18 -> 0
A19: 12 | B19: นายธนพงศ์ | C19: ทัพวิโรจน์ | D19: พนักงานขับรถยนต์ | V19: =E19+F19+G19+H19+I19+J19+K19+L19+M19-N19-O19-P19-Q19-R19-S19-T19-U19 -> 0
A20: 13 | B20: น.ส.สุนารี | C20: เกิดทวี | D20: เจ้าพนักงานการเงินและบัญชี | V20: =E20+F20+G20+H20+I20+J20+K20+L20+M20-N20-O20-P20-Q20-R20-S20-T20-U20 -> 0
A21: 14 | B21: นายประจิตร | C21: โสภา | D21: จพง.วิทยาศาสตร์การแพทย์ | V21: =E21+F21+G21+H21+I21+J21+K21+L21+M21-N21-O21-P21-Q21-R21-S21-T21-U21 -> 0
A22: 15 | B22: น.ส.อัญชลี | C22: แสงทอง | D22: แม่บ้าน | V22: =E22+F22+G22+H22+I22+J22+K22+L22+M22-N22-O22-P22-Q22-R22-S22-T22-U22 -> 0
... A25: 18 | B25: น.ส.ธันยา | C25: น้ำจันทร์เจริญ | D25: พนักงานช่วยเหลือคนไข้ | V25: =E25+F25+G25+H25+I25+J25+K25+L25+M25-N25-O25-P25-Q25-R25-S25-T25-U25 -> 0
A26: ยอดยกไป | E26: =SUM(E8:E25) -> 7 | F26: =SUM(F8:F25) -> 0 | G26: =SUM(G8:G25) -> 0 | H26: =SUM(H8:H25) -> 0 | I26: =SUM(I8:I25) -> 0 | J26: =SUM(J8:J25) -> 0 | K26: =SUM(K8:K25) -> 0 | L26: =SUM(L8:L25) -> 0 | ... V26: =SUM(V8:V25) -> 7
A27: ยอดยกมา | E27: =E26 -> 7 | F27: =F26 -> 0 | G27: =G26 -> 0 | H27: =H26 -> 0 | I27: =I26 -> 0 | J27: =J26 -> 0 | K27: =K26 -> 0 | L27: =L26 -> 0 | ... V27: =V26 -> 7
A28: 19 | B28: นายภูการ | C28: วงษ์เดือน | D28: พนักงานทั่วไป | V28: =E28+F28+G28+H28+I28+J28+K28+L28+M28-N28-O28-P28-Q28-R28-S28-T28-U28 -> 0
A29: 20 | B29: น.ส.เพ็ญพิสุทธิ์ | C29: โพธิจักร์ | D29: ผู้ช่วยนักกายภาพบำบัด | V29: =E29+F29+G29+H29+I29+J29+K29+L29+M29-N29-O29-P29-Q29-R29-S29-T29-U29 -> 0
A30: 21 | B30: น.ส.ณภัชภรน์ | C30: ทองสุข | D30: พนักงานช่วยเหลือคนไข้ | V30: =E30+F30+G30+H30+I30+J30+K30+L30+M30-N30-O30-P30-Q30-R30-S30-T30-U30 -> 0
A31: 22 | B31: น.ส.ณัฐลดา | C31: บัวจันทร์แดง | D31: พนักงานบริการ | V31: =E31+F31+G31+H31+I31+J31+K31+L31+M31-N31-O31-P31-Q31-R31-S31-T31-U31 -> 0
A32: 23 | B32: น.ส.ศศิธร | C32: เชื้ออ่อน | D32: พนักงานช่วยเหลือคนไข้ | V32: =E32+F32+G32+H32+I32+J32+K32+L32+M32-N32-O32-P32-Q32-R32-S32-T32-U32 -> 0
A33: 24 | B33: น.ส.อุบลฤดี | C33: บุตรชา | D33: พนักงานประจำห้องทดลอง | V33: =E33+F33+G33+H33+I33+J33+K33+L33+M33-N33-O33-P33-Q33-R33-S33-T33-U33 -> 0
A34: 26 | B34: นายอัครชัย | C34: อุบลพงษ์ | D34: พนักงานช่วยเหลือคนไข้ | V34: =E34+F34+G34+H34+I34+J34+K34+L34+M34-N34-O34-P34-Q34-R34-S34-T34-U34 -> 0
A35: 27 | B35: น.ส.ภัทรสุดา | C35: มงคลธง | D35: พนักงานช่วยเหลือคนไข้ | V35: =E35+F35+G35+H35+I35+J35+K35+L35+M35-N35-O35-P35-Q35-R35-S35-T35-U35 -> 0
A36: 28 | B36: น.ส.เปมิกา | C36: นนทอ | D36: พนักงานประจำห้องยา | V36: =E36+F36+G36+H36+I36+J36+K36+L36+M36-N36-O36-P36-Q36-R36-S36-T36-U36 -> 0
A37: 29 | B37: นางวิภาพร | C37: วังสันต์ | D37: แม่บ้าน | V37: =E37+F37+G37+H37+I37+J37+K37+L37+M37-N37-O37-P37-Q37-R37-S37-T37-U37 -> 0
A38: 30 | B38: นายวีระพงษ์ | C38: อ่างแก้ว | D38: พนักงานขับรถยนต์ | V38: =E38+F38+G38+H38+I38+J38+K38+L38+M38-N38-O38-P38-Q38-R38-S38-T38-U38 -> 0
A39: 31 | B39: น.ส.ปวริศา | C39: จันทา | D39: พนักงานช่วยเหลือคนไข้ | V39: =E39+F39+G39+H39+I39+J39+K39+L39+M39-N39-O39-P39-Q39-R39-S39-T39-U39 -> 0
... A44: 37 | B44: นายอนุกูล | C44: นาประดิษฐ | D44: พนักงานขับรถยนต์ | V44: =E44+F44+G44+H44+I44+J44+K44+L44+M44-N44-O44-P44-Q44-R44-S44-T44-U44 -> 0
A45: ยอดยกไป | E45: =SUM(E27:E44) -> 7 | F45: =SUM(F27:F44) -> 0 | G45: =SUM(G27:G44) -> 0 | H45: =SUM(H27:H44) -> 0 | I45: =SUM(I27:I44) -> 0 | J45: =SUM(J27:J44) -> 0 | K45: =SUM(K27:K44) -> 0 | L45: =SUM(L27:L44) -> 0 | ... V45: =SUM(V27:V44) -> 7
A46: ยอดยกมา | E46: =E45 -> 7 | F46: =F45 -> 0 | G46: =G45 -> 0 | H46: =H45 -> 0 | I46: =I45 -> 0 | J46: =J45 -> 0 | K46: =K45 -> 0 | L46: =L45 -> 0 | ... V46: =V45 -> 7
A47: 38 | B47: นายวิชัย | C47: วิดประโคน | D47: พนักงานบริการ(คนสวน) | V47: =E47+F47+G47+H47+I47+J47+K47+L47+M47-N47-O47-P47-Q47-R47-S47-T47-U47 -> 0
A48: 39 | B48: น.ส.สุนิสา | C48: ไทยรัตน์ | D48: นักวิชาการสาธารณสุข | V48: =E48+F48+G48+H48+I48+J48+K48+L48+M48-N48-O48-P48-Q48-R48-S48-T48-U48 -> 0
A49: 40 | B49: น.ส.สริมา | C49: งามไพบูลย์สมบัติ | D49: นายแพทย์ | V49: =E49+F49+G49+H49+I49+J49+K49+L49+M49-N49-O49-P49-Q49-R49-S49-T49-U49 -> 0
A50: 41 | B50: นายชนากร | C50: จารุทรรศน์ | D50: นายแพทย์ | V50: =E50+F50+G50+H50+I50+J50+K50+L50+M50-N50-O50-P50-Q50-R50-S50-T50-U50 -> 0
A51: 42 | B51: น.ส.นงลักษณ์ | C51: พวงศิลป์ | D51: พนักงานบริการ | V51: =E51+F51+G51+H51+I51+J51+K51+L51+M51-N51-O51-P51-Q51-R51-S51-T51-U51 -> 0
A52: 43 | B52: นายอนุชา | C52: เขียวอำพร | D52: พนักงานเปล | V52: =E52+F52+G52+H52+I52+J52+K52+L52+M52-N52-O52-P52-Q52-R52-S52-T52-U52 -> 0
A53: 44 | B53: น.ส.อรพิมพ์ | C53: เชยผักแว่น | D53: พนักงานบริการ | V53: =E53+F53+G53+H53+I53+J53+K53+L53+M53-N53-O53-P53-Q53-R53-S53-T53-U53 -> 0
A55: รวมทั้งสิ้น | E55: =SUM(E46:E54) -> 7 | F55: =SUM(F46:F54) -> 0 | G55: =SUM(G46:G54) -> 0 | H55: =SUM(H46:H54) -> 0 | I55: =SUM(I46:I54) -> 0 | J55: =SUM(J46:J54) -> 0 | K55: =SUM(K46:K54) -> 0 | L55: =SUM(L46:L54) -> 0 | ... V55: =SUM(V46:V54) -> 7

Sheet ช่วย
A1: รายละเอียดเงินเดือน โรงพยาบาลสามโคก
A2: =[1]ข้าราชการ!A2 -> ประจำเดือนพฤศจิกายน 2568
A3: ที่ | B3: ชื่อ - นามสกุล | D3: รายรับ | N3: รายจ่าย
D4: ตำแหน่ง | E4: เงินเดือน | F4: เงินตำแหน่ง | G4: เงินเพิ่มพิเศษไม่ทำเวชปฏิบัติ | H4: ค่าตอบแทนพตส. | I4: ค่าตอบแทน ฉ.11 ตค.68 | J4: ค่าตอบแทนนอกเวลา ราชการ ตค.68 | K4: ค่าตอบแทนจิตแพทย์ พย.68 | L4: ค่าการศึกษาบุตร | M4: ค่ารักษาพยาบาล | N4: อื่นๆ | O4: ปกส. | P4: สหกรณ์ | Q4: ฌกส. | R4: ออมสิน | S4: กรุงไทย | T4: ไฟฟ้า | U4: ประปา | V4: รับจริง
A8: 1 | B8: นายประกาศ | C8: เปล่งพานิชย์ | J8: 2 | V8: =E8+F8+G8+H8+I8+J8+K8+L8+M8-N8-O8-P8-Q8-R8-S8-T8-U8 -> 2
A9: 2 | B9: น.ส.น้ำฝน | C9: วงษ์เพ็ง | V9: =E9+F9+G9+H9+I9+J9+K9+L9+M9-N9-O9-P9-Q9-R9-S9-T9-U9 -> 0
A10: 3 | B10: น.ส.ณัฐนรี | C10: รัตนวงศ์ | V10: =E10+F10+G10+H10+I10+J10+K10+L10+M10-N10-O10-P10-Q10-R10-S10-T10-U10 -> 0
A11: 4 | B11: น.ส.ฟารีดา | C11: อาดำ | V11: =E11+F11+G11+H11+I11+J11+K11+L11+M11-N11-O11-P11-Q11-R11-S11-T11-U11 -> 0
A12: 5 | B12: น.ส.ฟารีดา | C12: คชฤทธิ์ | V12: =E12+F12+G12+H12+I12+J12+K12+L12+M12-N12-O12-P12-Q12-R12-S12-T12-U12 -> 0
A13: 6 | B13: น.ส.ปรียาภรณ์ | C13: ขันทอง | V13: =E13+F13+G13+H13+I13+J13+K13+L13+M13-N13-O13-P13-Q13-R13-S13-T13-U13 -> 0
A14: 7 | B14: นายดนัย | C14: บางชวด | V14: =E14+F14+G14+H14+I14+J14+K14+L14+M14-N14-O14-P14-Q14-R14-S14-T14-U14 -> 0
A15: 8 | B15: นางรักษ์สินี | C15: ชอบดี | V15: =E15+F15+G15+H15+I15+J15+K15+L15+M15-N15-O15-P15-Q15-R15-S15-T15-U15 -> 0
A16: 9 | B16: นายประยุกต์ | C16: เสรีเสถียร | V16: =E16+F16+G16+H16+I16+J16+K16+L16+M16-N16-O16-P16-Q16-R16-S16-T16-U16 -> 0
A17: 10 | B17: น.ส.รัชนี | C17: ฉลองเกื้อกูล | K17: 40 | V17: =E17+F17+G17+H17+I17+J17+K17+L17+M17-N17-O17-P17-Q17-R17-S17-T17-U17 -> 40
A18: 11 | B18: นางวนิดา | C18: ศรีศัมภุวงศ์ | V18: =E18+F18+G18+H18+I18+J18+K18+L18+M18-N18-O18-P18-Q18-R18-S18-T18-U18 -> 0
A19: 12 | B19: น.ส.สุภาภรณ์ | C19: มานสพานสูง | V19: =E19+F19+G19+H19+I19+J19+K19+L19+M19-N19-O19-P19-Q19-R19-S19-T19-U19 -> 0
A20: 13 | B20: นายคิวณัฐ | C20: สาราเอก | V20: =E20+F20+G20+H20+I20+J20+K20+L20+M20-N20-O20-P20-Q20-R20-S20-T20-U20 -> 0
A21: 14 | B21: น.ส.กัญญารัตน์ | C21: คำรักษ์ | V21: =E21+F21+G21+H21+I21+J21+K21+L21+M21-N21-O21-P21-Q21-R21-S21-T21-U21 -> 0
A22: 15 | B22: น.ส.อ้อมขวัญ | C22: ศิริจร | V22: =E22+F22+G22+H22+I22+J22+K22+L22+M22-N22-O22-P22-Q22-R22-S22-T22-U22 -> 0
A23: 16 | B23: น.ส.สุภาวดี | C23: จริยาธนประภา | V23: =E23+F23+G23+H23+I23+J23+K23+L23+M23-N23-O23-P23-Q23-R23-S23-T23-U23 -> 0
A24: 17 | B24: นางปัทมาพร | C24: อ่านเปรื่อง | V24: =E24+F24+G24+H24+I24+J24+K24+L24+M24-N24-O24-P24-Q24-R24-S24-T24-U24 -> 0
A25: 18 | B25: น.ส.ปัทมาภร | C25: ชื่นยินดี | V25: =E25+F25+G25+H25+I25+J25+K25+L25+M25-N25-O25-P25-Q25-R25-S25-T25-U25 -> 0
A26: 19 | B26: น.ส.ณภวรรณ | C26: นันเพ็ญ | V26: =E26+F26+G26+H26+I26+J26+K26+L26+M26-N26-O26-P26-Q26-R26-S26-T26-U26 -> 0
A27: รวมทั้งสิ้น | E27: =SUM(E8:E26) -> 0 | F27: =SUM(F8:F26) -> 0 | G27: =SUM(G8:G26) -> 0 | H27: =SUM(H8:H26) -> 0 | I27: =SUM(I8:I26) -> 0 | J27: =SUM(J8:J26) -> 2 | K27: =SUM(K8:K26) -> 40 | L27: =SUM(L8:L26) -> 0 | ... V27: =SUM(V8:V26) -> 42

Sheet สรุป
A1: สรุปการรับ - จ่ายเงินเข้าบัญชี | C1: ประจำเดือน | D1: พฤศจิกายน | F1: 2568
A2: ฎีกาที่ | B2: รายการ | C2: เบิก | D2: หัก | E2: จำนวน | F2: รับจริง | G2: สสจ.โอนเงิน
A3: รายรับ
B4: เงินบำรุงกรุงไทย
A5: - | B5: เงินเพิ่มพิเศษแพทย์,ทันต,เภสัช ไม่ทำเวช พ.ย.68 | C5: 200 | F5: =C5-E5 -> 200
A6: - | B6: ค่าจ้างพนักงานกระทรวงสาธารณสุข พ.ย.68 | C6: 30 | F6: =C6-E6 -> 30
A7: - | B7: ค่าจ้างลูกจ้างชั่วคราวรายเดือน พ.ย.68 | C7: 4 | F7: =C7-E7 -> 4
A8: - | B8: ค่าจ้างลูกจ้างชั่วคราวรายวัน พ.ย.68 | C8: 7 | F8: =C8-E8 -> 7
A9: - | B9: ค่าตอบแทน พตส. พฤศจิกายน 2568 | C9: 50 | F9: =C9-E9 -> 50
A10: - | B10: ค่าตอบแทนปฏิบัติงานนอกเวลา OT ต.ค.68 | C10: 5 | F10: =C10-E10 -> 5
A11: - | B11: ค่าตอบแทนปฏิบัติงานนอกเวลา OT ต.ค.68 (การคลัง) | C11: 3 | F11: =C11-E11 -> 3
A12: - | B12: ค่าตอบแทน ฉ.11 ต.ค.68 (สนับสนุน) | C12: 12 | F12: =C12-E12 -> 12
A13: - | B13: กองทุนสำรองเลี้ยงชีพ พนักงานกระทรวงสาธารณสุข | C13: 1 | F13: =C13-E13 -> 1
A14: - | B14: ค่าตอบแทนจิตแพทย์ พ.ย.68 | C14: 40 | F14: =C14-E14 -> 40
A15: - | B15: ค่าตอบแทนแพทย์สาขาส่งเสริมพิเศษ พ.ย.68 | C15: 20 | F15: =C15-E15 -> 20
A16: - | B16: ค่าตอบแทนพิเศษ น.ส.เบญจวรรณ สุขชูศรี ต.ค. - พ.ย.68 | C16: 500 | F16: =C16-E16 -> 500
A17: - | B17: ตกเบิกเงินเดือนพนักงานกระทรวง ตุลาคม 2568 | C17: 3 | F17: =C17-E17 -> 3
B28: รวมรับ | C28: =SUM(C3:C26) -> 875 | E28: =SUM(E3:E14) -> 0 | F28: =SUM(F4:F26) -> 875
A29: รายจ่าย | B29: สหกรณ์ออมทรัพย์สาธารณสุขปทุมธานี | F29: 1 | G29: kl
B30: ฌกส. (ฌาปนกิจสงเคราะห์ของกระทรวงสาธารณสุข) | F30: 1 | G30: kl
B31: เข้าบัญชีเจ้าหน้าที่ (บัญชีข้าราชการ/ลูกจ้าง) | F31: 857 | G31: kl
B32: สินเชื่อสวัสดิการธนาคารออมสิน สาขาปทุมธานี | F32: 0 | G32: kl
B33: สินเชื่อสวัสดิการธนาคารออมสิน สาขาทียูโดม รังสิต | F33: 2 | G33: kl
B34: สินเชื่อสวัสดิการธนาคารกรุงไทย สาขาอำเภอสามโคก | F34: 10 | G34: kl
B35: กองทุนสำรองเลี้ยงชีพ พนักงานกระทรวงสาธารณสุข ซึ่งจดทะเบียนแล้ว | F35: 2 | G35: kl
B36: กรมสรรพากร 2 เพื่อรับชำระเงินคืนกองทุนเงินให้กู้ยืมเพื่อการศึกษา | F36: 2 | G36: kl
E37: รวมจ่าย | F37: =SUM(F29:F36) -> 875 | I37: =F28+E28-F37 -> 0 | J37: เท่ากับ 0 แปลว่าตรง
B39: หมายเหตุ | C39: กลุ่ม 000001 (เงินเดือน+ค่าจ้างลูกจ้าง) | G39: =K46 -> 853 | H39: รวมใบขวาง | I39: รวมน้ำไฟ+ปกส. | K39: =ข้าราชการ!V75 -> 210
B40: ค่าไฟฟ้า-น้ำประปา | D40: เข้าบัญชี รพ.สามโคก | G40: 2 | I40: =G40+G41+G42 -> 4 | K40: =ลจ.ประจำ!V23 -> 10
B41: ประกันสังคม | D41: เข้าบัญชี รพ.สามโคก | G41: 2 | K41: =พนักงาน!V24 -> 5
K42: =พกส.!W43 -> 576
C43: ยอดที่นำเข้าบัญชีทั้งหมด คือ | G43: =SUM(G39:G42) -> 857 | K43: =รายเดือน!V26 -> 3
K44: =รายวัน!V55 -> 7
K45: =ช่วย!V27 -> 42
K46: =SUM(K39:K45) -> 853

Sheet ขร1
A1: โรงพยาบาลสามโคก ประจำเดือน พฤศจิกายน 2568 | J1: =A1 -> โรงพยาบาลสามโคก ประจำเดือน พฤศจิกายน 2568
A2: ชื่อ นายจตุพงษ์ จันทร์ทอง ตำแหน่ง นายแพทย์ชำนาญการพิเศษ | J2: ชื่อ นางวิริยา มาตรา ตำแหน่ง เภสัชกรชำนาญการ
B4: รายรับ | G4: รายจ่าย | K4: รายรับ | P4: รายจ่าย
B5: เงินเดือน | D5: =ข้าราชการ!E8 -> 0 | G5: ภาษี | H5: =ข้าราชการ!N8 -> 0 | K5: เงินเดือน | M5: =ข้าราชการ!E20 -> 0 | P5: ภาษี | Q5: =ข้าราชการ!N20 -> 0
B6: เงินประจำตำแหน่ง/เท่าตำแหน่ง | D6: =ข้าราชการ!F8 -> 0 | G6: กบข. | H6: =ข้าราชการ!O8 -> 0 | K6: เงินประจำตำแหน่ง/เท่าตำแหน่ง | M6: =ข้าราชการ!F20 -> 0 | P6: กบข. | Q6: =ข้าราชการ!O20 -> 0
B7: เงินเพิ่มพิเศษไม่ทำเวชปฏิบัติ | D7: =ข้าราชการ!G8 -> 200 | G7: สหกรณ์ | H7: =ข้าราชการ!P8 -> 0 | K7: เงินเพิ่มพิเศษไม่ทำเวชปฏิบัติ พ.ย.68 | M7: =ข้าราชการ!G20 -> 0 | P7: สหกรณ์ | Q7: =ข้าราชการ!P20 -> 0
B8: ค่าตอบแทน พตส. | D8: =ข้าราชการ!H8 -> 0 | G8: ฌาปณกิจสงเคราะห์ | H8: =ข้าราชการ!Q8 -> 0 | K8: ค่าตอบแทน พตส. | M8: =ข้าราชการ!H20 -> 0 | P8: ฌาปณกิจสงเคราะห์ | Q8: =ข้าราชการ!Q20 -> 0
B9: ค่าตอบแทน ฉ.11 | D9: =ข้าราชการ!I8 -> 0 | G9: ออมสิน | H9: =ข้าราชการ!R8 -> 0 | K9: ค่าตอบแทน ฉ.11 | M9: =ข้าราชการ!I20 -> 0 | P9: ออมสิน | Q9: =ข้าราชการ!R20 -> 0
B10: ค่าตอบแทนนอกเวลาราชการ | D10: =ข้าราชการ!J8 -> 0 | G10: กรุงไทย | H10: =ข้าราชการ!S8 -> 10 | K10: ค่าตอบแทนนอกเวลาราชการ | M10: =ข้าราชการ!J20 -> 0 | P10: กรุงไทย | Q10: =ข้าราชการ!S20 -> 0
B11: ค่าตอบแทนพิเศษแพทย์ พ.ย.68 | D11: =ข้าราชการ!K8 -> 20 | G11: ไฟฟ้า | H11: =ข้าราชการ!T8 -> 0 | K11: ตกเบิกเงินเดือน | M11: =ข้าราชการ!K20 -> 0 | P11: ไฟฟ้า | Q11: =ข้าราชการ!T20 -> 0
B12: ค่าการศึกษาบุตร | D12: =ข้าราชการ!L8 -> 0 | G12: ประปา | H12: =ข้าราชการ!U8 -> 0 | K12: ค่าการศึกษาบุตร | M12: =ข้าราชการ!L20 -> 0 | P12: ประปา | Q12: =ข้าราชการ!U20 -> 0
B13: ค่ารักษาพยาบาล | D13: =ข้าราชการ!M8 -> 0 | K13: ค่ารักษาพยาบาล | M13: =ข้าราชการ!M20 -> 0
B14: รวมรับ | D14: =SUM(D5:D13) -> 220 | G14: รวมจ่าย | H14: =SUM(H5:H13) -> 10 | K14: รวมรับ | M14: =SUM(M5:M13) -> 0 | P14: รวมจ่าย | Q14: =SUM(Q5:Q13) -> 0
C15: คงเหลือสุทธิ | D15: =D14-H14 -> 210 | F15: บาท | L15: คงเหลือสุทธิ | M15: =M14-Q14 -> 0 | O15: บาท
C16: ="("&BAHTTEXT(D15)&")" -> (สองร้อยสิบบาทถ้วน) | L16: ="("&BAHTTEXT(M15)&")" -> (ศูนย์บาทถ้วน)
A21: (นางสาวพนิดา พลนงค์) | J21: (นางสาวพนิดา พลนงค์)
A22: นักจัดการงานทั่วไปปฏิบัติการ | K22: นักจัดการงานทั่วไปปฏิบัติการ
A23: =A1 -> โรงพยาบาลสามโคก ประจำเดือน พฤศจิกายน 2568 | J23: =A1 -> โรงพยาบาลสามโคก ประจำเดือน พฤศจิกายน 2568
A24: ชื่อ นางสาวนิตยา สารีกิจ ตำแหน่ง พยาบาลวิชาชีพปฏิบัติการ | J24: ชื่อ นางสาวสำรวย ทั่งรื่น ตำแหน่ง เจ้าพนักงานเภสัชกรรมชำนาญงาน
B26: รายรับ | G26: รายจ่าย | K26: รายรับ | P26: รายจ่าย
B27: เงินเดือน | D27: 0 | G27: ภาษี | H27: =ข้าราชการ!E43 -> 0 | K27: เงินเดือน | M27: =ข้าราชการ!E21 -> 0 | P27: ภาษี | Q27: =ข้าราชการ!N21 -> 0
B28: เงินประจำตำแหน่ง/เท่าตำแหน่ง | D28: 0 | G28: กบข. | H28: =ข้าราชการ!F43 -> 0 | K28: เงินประจำตำแหน่ง/เท่าตำแหน่ง | M28: =ข้าราชการ!F21 -> 0 | P28: กบข. | Q28: =ข้าราชการ!O21 -> 0
B29: เงินเพิ่มพิเศษไม่ทำเวชปฏิบัติ | D29: 0 | G29: สหกรณ์ | H29: 0 | K29: เงินเพิ่มพิเศษไม่ทำเวชปฏิบัติ | M29: =ข้าราชการ!G21 -> 0 | P29: สหกรณ์ | Q29: =ข้าราชการ!P21 -> 0
B30: ค่าตอบแทน พตส. | D30: =ข้าราชการ!H9 -> 0 | G30: ฌาปณกิจสงเคราะห์ | H30: =ข้าราชการ!Q9 -> 0 | K30: ค่าตอบแทน พตส. | M30: =ข้าราชการ!H21 -> 0 | P30: ฌาปณกิจสงเคราะห์ | Q30: =ข้าราชการ!Q21 -> 0
B31: ค่าตอบแทน ฉ.11 | D31: =ข้าราชการ!I9 -> 0 | G31: ออมสิน | H31: 0 | K31: ค่าตอบแทน ฉ.11 | M31: =ข้าราชการ!I21 -> 0 | P31: ออมสิน | Q31: =ข้าราชการ!R21 -> 0
B32: ค่าตอบแทนนอกเวลาราชการ ต.ค.68 | D32: =ข้าราชการ!J9 -> 0 | G32: กรุงไทย | H32: 0 | K32: ค่าตอบแทนนอกเวลาราชการ ต.ค.68 | M32: =ข้าราชการ!J21 -> 0 | P32: กรุงไทย | Q32: =ข้าราชการ!S21 -> 0
B33: ตกเบิกเงินเดือน | D33: =ข้าราชการ!K9 -> 0 | G33: ไฟฟ้า | H33: =ข้าราชการ!T9 -> 0 | K33: ตกเบิกเงินเดือน | M33: =ข้าราชการ!K21 -> 0 | P33: ไฟฟ้า | Q33: =ข้าราชการ!T21 -> 0
B34: ค่าการศึกษาบุตร | D34: =ข้าราชการ!L9 -> 0 | G34: ประปา | H34: =ข้าราชการ!U9 -> 0 | K34: ค่าการศึกษาบุตร | M34: =ข้าราชการ!L21 -> 0 | P34: ประปา | Q34: =ข้าราชการ!U21 -> 0
B35: ค่ารักษาพยาบาล | D35: =ข้าราชการ!D43 -> 0 | K35: ค่ารักษาพยาบาล | M35: =ข้าราชการ!M21 -> 0
B36: รวมรับ | D36: =SUM(D27:D35) -> 0 | G36: รวมจ่าย | H36: =SUM(H27:H35) -> 0 | K36: รวมรับ | M36: =SUM(M27:M35) -> 0 | P36: รวมจ่าย | Q36: =SUM(Q27:Q35) -> 0
C37: คงเหลือสุทธิ | D37: =D36-H36 -> 0 | F37: บาท | L37: คงเหลือสุทธิ | M37: =M36-Q36 -> 0 | O37: บาท
C38: ="("&BAHTTEXT(D37)&")" -> (ศูนย์บาทถ้วน) | L38: ="("&BAHTTEXT(M37)&")" -> (ศูนย์บาทถ้วน)
A43: (นางสาวพนิดา พลนงค์) | K43: (นางสาวพนิดา พลนงค์)
A44: นักจัดการงานทั่วไปปฏิบัติการ | K44: นักจัดการงานทั่วไปปฏิบัติการ
A45: =A1 -> โรงพยาบาลสามโคก ประจำเดือน พฤศจิกายน 2568 | J45: =A1 -> โรงพยาบาลสามโคก ประจำเดือน พฤศจิกายน 2568
A46: ชื่อ นางสาวพนิดา พลนงค์ ตำแหน่ง นักจัดการงานทั่วไปปฏิบัติการ | J46: ชื่อ นางสาวสนธยา เชี่ยวชายชำนาญกิจ ตำแหน่ง เภสัชกรชำนาญการ
B48: รายรับ | G48: รายจ่าย | K48: รายรับ | P48: รายจ่าย
B49: เงินเดือน | D49: 0 | G49: ภาษี | H49: 0 | K49: เงินเดือน | M49: =ข้าราชการ!E22 -> 0 | P49: ภาษี | Q49: =ข้าราชการ!N22 -> 0
B50: เงินประจำตำแหน่ง/เท่าตำแหน่ง | D50: =ข้าราชการ!F10 -> 0 | G50: กบข. | H50: 0 | K50: เงินประจำตำแหน่ง/เท่าตำแหน่ง | M50: =ข้าราชการ!F22 -> 0 | P50: กบข. | Q50: =ข้าราชการ!O22 -> 0
B51: เงินเพิ่มพิเศษไม่ทำเวชปฏิบัติ | D51: =ข้าราชการ!G10 -> 0 | G51: สหกรณ์ | H51: 0 | K51: เงินเพิ่มพิเศษไม่ทำเวชปฏิบัติ | M51: =ข้าราชการ!G22 -> 0 | P51: สหกรณ์ | Q51: =ข้าราชการ!P22 -> 0
B52: ค่าตอบแทน พตส. | D52: =ข้าราชการ!H10 -> 0 | G52: ฌาปณกิจสงเคราะห์ | H52: 0 | K52: ค่าตอบแทน พตส. | M52: =ข้าราชการ!H22 -> 0 | P52: ฌาปณกิจสงเคราะห์ | Q52: =ข้าราชการ!Q22 -> 0
B53: ค่าตอบแทน ฉ.11 ต.ค.68 | D53: =ข้าราชการ!I10 -> 0 | G53: ออมสิน | H53: =ข้าราชการ!R10 -> 0 | K53: ค่าตอบแทน ฉ.11 | M53: =ข้าราชการ!I22 -> 0 | P53: ออมสิน | Q53: =ข้าราชการ!R22 -> 0
B54: ค่าตอบแทนนอกเวลาราชการ | D54: =ข้าราชการ!J10 -> 0 | G54: กรุงไทย | H54: =ข้าราชการ!S10 -> 0 | K54: ค่าตอบแทนนอกเวลาราชการ ต.ค.68 | M54: =ข้าราชการ!J22 -> 0 | P54: กรุงไทย | Q54: =ข้าราชการ!S22 -> 0
B55: ตกเบิกเงินเดือน | D55: 0 | G55: ไฟฟ้า | H55: 0 | K55: ตกเบิกเงินเดือน | M55: =ข้าราชการ!K22 -> 0 | P55: ไฟฟ้า | Q55: =ข้าราชการ!T22 -> 0
B56: ค่าการศึกษาบุตร | D56: =ข้าราชการ!L10 -> 0 | G56: ประปา | H56: 0 | K56: ค่าการศึกษาบุตร | M56: =ข้าราชการ!L22 -> 0 | P56: ประปา | Q56: =ข้าราชการ!U22 -> 0
B57: ค่ารักษาพยาบาล | D57: =ข้าราชการ!M10 -> 0 | K57: ค่ารักษาพยาบาล | M57: =ข้าราชการ!M22 -> 0
B58: รวมรับ | D58: =SUM(D49:D57) -> 0 | G58: รวมจ่าย | H58: =SUM(H49:H57) -> 0 | K58: รวมรับ | M58: =SUM(M49:M57) -> 0 | P58: รวมจ่าย | Q58: =SUM(Q49:Q57) -> 0
C59: คงเหลือสุทธิ | D59: =D58-H58 -> 0 | F59: บาท | L59: คงเหลือสุทธิ | M59: =M58-Q58 -> 0 | O59: บาท
C60: ="("&BAHTTEXT(D59)&")" -> (ศูนย์บาทถ้วน) | L60: ="("&BAHTTEXT(M59)&")" -> (ศูนย์บาทถ้วน)
A65: (นางสาวพนิดา พลนงค์) | J65: (นางสาวพนิดา พลนงค์)
A66: นักจัดการงานทั่วไปปฏิบัติการ | J66: นักจัดการงานทั่วไปปฏิบัติการ
A67: =ขร1!A1:I1 -> โรงพยาบาลสามโคก ประจำเดือน พฤศจิกายน 2568 | J67: =A1 -> โรงพยาบาลสามโคก ประจำเดือน พฤศจิกายน 2568
A68: ชื่อ นางสาวรุ่งนภา พงษ์สีทอง ตำแหน่ง เจ้าพนักงานทันตสาธารณสุขชำนาญงาน | J68: ชื่อ นางสาวอรุณศรี อดิเรก ตำแหน่ง เจ้าพนักงานเภสัชกรรมชำนาญงาน
B70: รายรับ | G70: รายจ่าย | K70: รายรับ | P70: รายจ่าย
B71: เงินเดือน | D71: =ข้าราชการ!E11 -> 0 | G71: ภาษี | H71: =ข้าราชการ!N11 -> 0 | K71: เงินเดือน | M71: =ข้าราชการ!E1 -> 0 | P71: ภาษี | Q71: =ข้าราชการ!N1 -> 0
B72: เงินประจำตำแหน่ง/เท่าตำแหน่ง | D72: =ข้าราชการ!F11 -> 0 | G72: กบข. | H72: =ข้าราชการ!O11 -> 0 | K72: เงินประจำตำแหน่ง/เท่าตำแหน่ง | M72: =ข้าราชการ!F1 -> 0 | P72: กบข. | Q72: =ข้าราชการ!O1 -> 0
B73: เงินเพิ่มพิเศษไม่ทำเวชปฏิบัติ | D73: =ข้าราชการ!G11 -> 0 | G73: สหกรณ์ | H73: =ข้าราชการ!P11 -> 0 | K73: เงินเพิ่มพิเศษไม่ทำเวชปฏิบัติ | M73: =ข้าราชการ!G1 -> 0 | P73: สหกรณ์ | Q73: =ข้าราชการ!P1 -> 0
B74: ค่าตอบแทน พตส. | D74: =ข้าราชการ!H11 -> 0 | G74: ฌาปณกิจสงเคราะห์ | H74: =ข้าราชการ!Q11 -> 0 | K74: ค่าตอบแทน พตส. | M74: =ข้าราชการ!H23 -> 0 | P74: ฌาปณกิจสงเคราะห์ | Q74: =ข้าราชการ!Q1 -> 0
B75: ค่าตอบแทน ฉ.11 | D75: =ข้าราชการ!I11 -> 0 | G75: ออมสิน | H75: =ข้าราชการ!R11 -> 0 | K75: ค่าตอบแทน ฉ.11 | M75: =ข้าราชการ!I23 -> 0 | P75: ออมสิน | Q75: =ข้าราชการ!R1 -> 0
B76: ค่าตอบแทนนอกเวลาราชการ | D76: =ข้าราชการ!J11 -> 0 | G76: กรุงไทย | H76: =ข้าราชการ!S11 -> 0 | K76: ค่าตอบแทนนอกเวลาราชการ ต.ค.68 | M76: =ข้าราชการ!J23 -> 0 | P76: กรุงไทย | Q76: =ข้าราชการ!S1 -> 0
B77: ตกเบิกเงินเดือน | D77: =ข้าราชการ!K11 -> 0 | G77: ไฟฟ้า | H77: =ข้าราชการ!T11 -> 0 | K77: ตกเบิกเงินเดือน | M77: =ข้าราชการ!K23 -> 0 | P77: ไฟฟ้า | Q77: =ข้าราชการ!T23 -> 0
B78: ค่าการศึกษาบุตร | D78: =ข้าราชการ!L11 -> 0 | G78: ประปา | H78: =ข้าราชการ!U11 -> 0 | K78: ค่าการศึกษาบุตร | M78: =ข้าราชการ!M23 -> 0 | P78: ประปา | Q78: =ข้าราชการ!U23 -> 0
B79: ค่ารักษาพยาบาล | D79: =ข้าราชการ!M11 -> 0 | K79: ค่ารักษาพยาบาล | M79: =ข้าราชการ!M1 -> 0
B80: รวมรับ | D80: =SUM(D71:D79) -> 0 | G80: รวมจ่าย | H80: =SUM(H71:H79) -> 0 | K80: รวมรับ | M80: =SUM(M71:M79) -> 0 | P80: รวมจ่าย | Q80: =SUM(Q71:Q79) -> 0
C81: คงเหลือสุทธิ | D81: =D80-H80 -> 0 | F81: บาท | L81: คงเหลือสุทธิ | M81: =M80-Q80 -> 0 | O81: บาท
C82: ="("&BAHTTEXT(D81)&")" -> (ศูนย์บาทถ้วน) | L82: ="("&BAHTTEXT(M81)&")" -> (ศูนย์บาทถ้วน)
A87: (นางสาวพนิดา พลนงค์) | J87: (นางสาวพนิดา พลนงค์)
A88: นักจัดการงานทั่วไปปฏิบัติการ | J88: นักจัดการงานทั่วไปปฏิบัติการ
A89: =ขร1!A67 -> โรงพยาบาลสามโคก ประจำเดือน พฤศจิกายน 2568 | J89: =A1 -> โรงพยาบาลสามโคก ประจำเดือน พฤศจิกายน 2568
A90: ชื่อ นางระวิวรรณ โพธิ์ทองคำ ตำแหน่ง เจ้าพนักงานทันตสาธารณสุขชำนาญงาน | J90: ชื่อ นางสาวพิรดา วงศ์ซื่อ ตำแหน่ง เภสัชกรชำนาญการ
B92: รายรับ | G92: รายจ่าย | K92: รายรับ | P92: รายจ่าย
B93: เงินเดือน | D93: =ข้าราชการ!E12 -> 0 | G93: ภาษี | H93: =ข้าราชการ!N12 -> 0 | K93: เงินเดือน | M93: =ข้าราชการ!E24 -> 0 | P93: ภาษี | Q93: =ข้าราชการ!N24 -> 0
B94: เงินประจำตำแหน่ง/เท่าตำแหน่ง | D94: =ข้าราชการ!F12 -> 0 | G94: กบข. | H94: =ข้าราชการ!O12 -> 0 | K94: เงินประจำตำแหน่ง/เท่าตำแหน่ง | M94: =ข้าราชการ!F24 -> 0 | P94: กบข. | Q94: =ข้าราชการ!O24 -> 0
B95: เงินเพิ่มพิเศษไม่ทำเวชปฏิบัติ | D95: =ข้าราชการ!G12 -> 0 | G95: สหกรณ์ | H95: =ข้าราชการ!P12 -> 0 | K95: เงินเพิ่มพิเศษไม่ทำเวชปฏิบัติ พ.ย.68 | M95: =ข้าราชการ!G24 -> 0 | P95: สหกรณ์ | Q95: =ข้าราชการ!P24 -> 0
B96: ค่าตอบแทน พตส. | D96: =ข้าราชการ!H12 -> 0 | G96: ฌาปณกิจสงเคราะห์ | H96: =ข้าราชการ!Q12 -> 0 | K96: ค่าตอบแทน พตส. | M96: =ข้าราชการ!H24 -> 0 | P96: ฌาปณกิจสงเคราะห์ | Q96: =ข้าราชการ!Q24 -> 0
B97: ค่าตอบแทน ฉ.11 | D97: =ข้าราชการ!I12 -> 0 | G97: ออมสิน | H97: =ข้าราชการ!R12 -> 0 | K97: ค่าตอบแทน ฉ.11 | M97: =ข้าราชการ!I24 -> 0 | P97: ออมสิน | Q97: =ข้าราชการ!R24 -> 0
B98: ค่าตอบแทนนอกเวลาราชการ | D98: =ข้าราชการ!J12 -> 0 | G98: กรุงไทย | H98: =ข้าราชการ!S12 -> 0 | K98: ค่าตอบแทนนอกเวลาราชการ ต.ค.68 | M98: =ข้าราชการ!J24 -> 0 | P98: กรุงไทย | Q98: =ข้าราชการ!S24 -> 0
B99: ตกเบิกเงินเดือน | D99: =ข้าราชการ!K12 -> 0 | G99: ไฟฟ้า | H99: =ข้าราชการ!T12 -> 0 | K99: ตกเบิกเงินเดือน | M99: =ข้าราชการ!K24 -> 0 | P99: ไฟฟ้า | Q99: =ข้าราชการ!T24 -> 0
B100: ค่าการศึกษาบุตร | D100: =ข้าราชการ!L12 -> 0 | G100: ประปา | H100: =ข้าราชการ!U12 -> 0 | K100: ค่าการศึกษาบุตร | M100: =ข้าราชการ!L24 -> 0 | P100: ประปา | Q100: =ข้าราชการ!U24 -> 0
B101: ค่ารักษาพยาบาล | D101: =ข้าราชการ!M12 -> 0 | K101: ค่ารักษาพยาบาล | M101: =ข้าราชการ!M24 -> 0
B102: รวมรับ | D102: =SUM(D93:D101) -> 0 | G102: รวมจ่าย | H102: =SUM(H93:H101) -> 0 | K102: รวมรับ | M102: =SUM(M93:M101) -> 0 | P102: รวมจ่าย | Q102: =SUM(Q93:Q101) -> 0
C103: คงเหลือสุทธิ | D103: =D102-H102 -> 0 | F103: บาท | L103: คงเหลือสุทธิ | M103: =M102-Q102 -> 0 | O103: บาท
C104: ="("&BAHTTEXT(D103)&")" -> (ศูนย์บาทถ้วน) | L104: ="("&BAHTTEXT(M103)&")" -> (ศูนย์บาทถ้วน)
A109: (นางสาวพนิดา พลนงค์) | J109: (นางสาวพนิดา พลนงค์)
A110: นักจัดการงานทั่วไปปฏิบัติการ | J110: นักจัดการงานทั่วไปปฏิบัติการ
A111: =A1 -> โรงพยาบาลสามโคก ประจำเดือน พฤศจิกายน 2568 | J111: =A1 -> โรงพยาบาลสามโคก ประจำเดือน พฤศจิกายน 2568
A112: ชื่อ นางสาวศิรินทรา บุญคำภา ตำแหน่ง ทันตแพทย์ชำนาญการพิเศษ | J112: ชื่อ นางจิตวรินทร์ สิทธิโท ตำแหน่ง พยาบาลวิชาชีพชำนาญการ
B114: รายรับ | G114: รายจ่าย | K114: รายรับ | P114: รายจ่าย
B115: เงินเดือน | D115: =ข้าราชการ!E184 -> 0 | G115: ภาษี | H115: =ข้าราชการ!N184 -> 0 | K115: เงินเดือน | M115: 0 | P115: ภาษี | Q115: =ข้าราชการ!N186 -> 0
B116: เงินประจำตำแหน่ง/เท่าตำแหน่ง | D116: =ข้าราชการ!F184 -> 0 | G116: กบข. | H116: =ข้าราชการ!O184 -> 0 | K116: เงินประจำตำแหน่ง/เท่าตำแหน่ง | M116: =ข้าราชการ!F94 -> 0 | P116: กบข. | Q116: =ข้าราชการ!O186 -> 0
B117: เงินเพิ่มพิเศษไม่ทำเวชปฏิบัติ | D117: =ข้าราชการ!G95 -> 0 | G117: สหกรณ์ | H117: =ข้าราชการ!P184 -> 0 | K117: เงินเพิ่มพิเศษไม่ทำเวชปฏิบัติ | M117: =ข้าราชการ!G27 -> 0 | P117: สหกรณ์ | Q117: =ข้าราชการ!P186 -> 0
B118: ค่าตอบแทน พตส. | D118: =ข้าราชการ!H13 -> 0 | G118: ฌาปณกิจสงเคราะห์ | H118: =ข้าราชการ!Q184 -> 0 | K118: ค่าตอบแทน พตส. | M118: =ข้าราชการ!H27 -> 0 | P118: ฌาปณกิจสงเคราะห์ | Q118: 0
B119: ค่าตอบแทน ฉ.11 | D119: =ข้าราชการ!I13 -> 0 | G119: ออมสิน | H119: =ข้าราชการ!R184 -> 0 | K119: ค่าตอบแทน ฉ.11 | M119: =ข้าราชการ!I27 -> 0 | P119: ออมสิน | Q119: =ข้าราชการ!R186 -> 0
B120: ค่าตอบแทนนอกเวลาราชการ | D120: =ข้าราชการ!J13 -> 0 | G120: กรุงไทย | H120: =ข้าราชการ!S184 -> 0 | K120: ค่าตอบแทนนอกเวลาราชการ | M120: =ข้าราชการ!J27 -> 0 | P120: กรุงไทย | Q120: =ข้าราชการ!AB142 -> 0
B121: ตกเบิกเงินเดือน | D121: =ข้าราชการ!K13 -> 0 | G121: ไฟฟ้า | H121: =ข้าราชการ!T184 -> 0 | K121: ตกเบิกเงินเดือน | M121: =ข้าราชการ!K27 -> 0 | P121: ไฟฟ้า | Q121: =ข้าราชการ!T27 -> 0
B122: ค่าการศึกษาบุตร | D122: =ลจ.ประจำ!L95 -> 0 | G122: ประปา | H122: =ข้าราชการ!U184 -> 0 | K122: ค่าการศึกษาบุตร | M122: =ข้าราชการ!L27 -> 0 | P122: ประปา | Q122: =ข้าราชการ!U27 -> 0
B123: ค่ารักษาพยาบาล | D123: =ข้าราชการ!M13 -> 0 | K123: ค่ารักษาพยาบาล | M123: =ข้าราชการ!M27 -> 0
B124: รวมรับ | D124: =SUM(D115:D123) -> 0 | G124: รวมจ่าย | H124: =SUM(H115:H123) -> 0 | K124: รวมรับ | M124: =SUM(M115:M123) -> 0 | P124: รวมจ่าย | Q124: =SUM(Q115:Q123) -> 0
C125: คงเหลือสุทธิ | D125: =D124-H124 -> 0 | F125: บาท | L125: คงเหลือสุทธิ | M125: =M124-Q124 -> 0 | O125: บาท
C126: ="("&BAHTTEXT(D125)&")" -> (ศูนย์บาทถ้วน) | L126: ="("&BAHTTEXT(M125)&")" -> (ศูนย์บาทถ้วน)
...

Sheet ขร2
A1: =ขร1!A1 -> โรงพยาบาลสามโคก ประจำเดือน พฤศจิกายน 2568 | J1: =ขร1!J243 -> โรงพยาบาลสามโคก ประจำเดือน พฤศจิกายน 2568
A2: ชื่อ นางสาวจีรวัจน์ ฤทธิรณ ตำแหน่ง พยาบาลวิชาชีพชำนาญการ | J2: ชื่อ นางสาวรจนา สาสาร ตำแหน่ง พยาบาลวิชาชีพปฏิบัติการ
B4: รายรับ | G4: รายจ่าย | K4: รายรับ | P4: รายจ่าย
B5: เงินเดือน | D5: =ข้าราชการ!E32 -> 0 | G5: ภาษี | H5: =ข้าราชการ!N32 -> 0 | K5: เงินเดือน | M5: =ข้าราชการ!E45 -> 0 | P5: ภาษี | Q5: =ข้าราชการ!N45 -> 0
B6: เงินประจำตำแหน่ง/เท่าตำแหน่ง | D6: =ข้าราชการ!F32 -> 0 | G6: กบข. | H6: =ข้าราชการ!O32 -> 0 | K6: เงินประจำตำแหน่ง/เท่าตำแหน่ง | M6: =ข้าราชการ!F45 -> 0 | P6: กบข. | Q6: =ข้าราชการ!O45 -> 0
B7: เงินเพิ่มพิเศษไม่ทำเวชปฏิบัติ | D7: =ข้าราชการ!G32 -> 0 | G7: สหกรณ์ | H7: =ข้าราชการ!P32 -> 0 | K7: เงินเพิ่มพิเศษไม่ทำเวชปฏิบัติ | M7: =ข้าราชการ!G45 -> 0 | P7: สหกรณ์ | Q7: =ข้าราชการ!P45 -> 0
B8: ค่าตอบแทน พตส. | D8: =ข้าราชการ!H34 -> 0 | G8: ฌาปณกิจสงเคราะห์ | H8: =ข้าราชการ!Q32 -> 0 | K8: ค่าตอบแทน พตส. | M8: =ข้าราชการ!H47 -> 0 | P8: ฌาปณกิจสงเคราะห์ | Q8: =ข้าราชการ!Q45 -> 0
B9: ค่าตอบแทน ฉ.11 | D9: =ข้าราชการ!I34 -> 0 | G9: ออมสิน | H9: =ข้าราชการ!R32 -> 0 | K9: ค่าตอบแทน ฉ.11 | M9: =ข้าราชการ!I47 -> 0 | P9: ออมสิน | Q9: =ข้าราชการ!R47 -> 0
B10: ค่าตอบแทนนอกเวลาราชการ ต.ค.68 | D10: =ข้าราชการ!J34 -> 0 | G10: กรุงไทย | H10: 0 | K10: ค่าตอบแทนนอกเวลาราชการ ต.ค.68 | M10: =ข้าราชการ!J47 -> 0 | P10: กรุงไทย | Q10: =ข้าราชการ!S47 -> 0
B11: ตกเบิกเงินเดือน | D11: 0 | G11: ไฟฟ้า | H11: 0 | K11: ตกเบิกเงินเดือน | M11: =ข้าราชการ!K45 -> 0 | P11: ไฟฟ้า | Q11: =ข้าราชการ!T47 -> 0
B12: ค่าการศึกษาบุตร | D12: =ข้าราชการ!L32 -> 0 | G12: ประปา | H12: 0 | K12: ค่าการศึกษาบุตร | M12: =ข้าราชการ!L45 -> 0 | P12: ประปา | Q12: =ข้าราชการ!U47 -> 0
B13: ค่ารักษาพยาบาล | D13: =ข้าราชการ!M32 -> 0 | K13: ค่ารักษาพยาบาล | M13: =ข้าราชการ!M45 -> 0
B14: รวมรับ | D14: =SUM(D5:D13) -> 0 | G14: รวมจ่าย | H14: =SUM(H5:H13) -> 0 | K14: รวมรับ | M14: =SUM(M5:M13) -> 0 | P14: รวมจ่าย | Q14: =SUM(Q5:Q13) -> 0
C15: คงเหลือสุทธิ | D15: =D14-H14 -> 0 | F15: บาท | L15: คงเหลือสุทธิ | M15: =M14-Q14 -> 0 | O15: บาท
C16: ="("&BAHTTEXT(D15)&")" -> (ศูนย์บาทถ้วน) | L16: ="("&BAHTTEXT(M15)&")" -> (ศูนย์บาทถ้วน)
A21: (นางสาวพนิดา พลนงค์) | J21: (นางสาวพนิดา พลนงค์)
A22: นักจัดการงานทั่วไปปฏิบัติการ | J22: นักจัดการงานทั่วไปปฏิบัติการ
A23: =ขร1!J243 -> โรงพยาบาลสามโคก ประจำเดือน พฤศจิกายน 2568 | J23: =ขร2!A155 -> โรงพยาบาลสามโคก ประจำเดือน พฤศจิกายน 2568
A24: ชื่อ นางสาวพจนา พวงธรรม ตำแหน่ง พยาบาลวิชาชีพชำนาญการพิเศษ | J24: ชื่อ นางสาวจิตรวดี วิโรจน์ ตำแหน่ง พยาบาลวิชาชีพชำนาญการ
B26: รายรับ | G26: รายจ่าย | K26: รายรับ | P26: รายจ่าย
B27: เงินเดือน | D27: =ข้าราชการ!E33 -> 0 | G27: ภาษี | H27: =ข้าราชการ!N33 -> 0 | K27: เงินเดือน | M27: =ข้าราชการ!E46 -> 0 | P27: ภาษี | Q27: =ข้าราชการ!N46 -> 0
B28: เงินประจำตำแหน่ง/เท่าตำแหน่ง | D28: =ข้าราชการ!F33 -> 0 | G28: กบข. | H28: =ข้าราชการ!O33 -> 0 | K28: เงินประจำตำแหน่ง/เท่าตำแหน่ง | M28: =ข้าราชการ!F46 -> 0 | P28: กบข. | Q28: =ข้าราชการ!O46 -> 0
B29: เงินเพิ่มพิเศษไม่ทำเวชปฏิบัติ | D29: =ข้าราชการ!G33 -> 0 | G29: สหกรณ์ | H29: =ข้าราชการ!P33 -> 0 | K29: เงินเพิ่มพิเศษไม่ทำเวชปฏิบัติ | M29: =ข้าราชการ!G46 -> 0 | P29: สหกรณ์ | Q29: =ข้าราชการ!P46 -> 0
B30: ค่าตอบแทน พตส. | D30: =ข้าราชการ!H35 -> 0 | G30: ฌาปณกิจสงเคราะห์ | H30: =ข้าราชการ!Q33 -> 0 | K30: ค่าตอบแทน พตส. | M30: =ข้าราชการ!H48 -> 0 | P30: ฌาปณกิจสงเคราะห์ | Q30: =ข้าราชการ!Q48 -> 0
B31: ค่าตอบแทน ฉ.11 | D31: =ข้าราชการ!I35 -> 0 | G31: ออมสิน | H31: 0 | K31: ค่าตอบแทน ฉ.11 | M31: =ข้าราชการ!I48 -> 0 | P31: ออมสิน | Q31: =ข้าราชการ!R46 -> 0
B32: ค่าตอบแทนนอกเวลาราชการ ต.ค.68 | D32: =ข้าราชการ!J35 -> 0 | G32: กรุงไทย | H32: =ข้าราชการ!S35 -> 0 | K32: ค่าตอบแทนนอกเวลาราชการ ต.ค.68 | M32: =ข้าราชการ!J48 -> 0 | P32: กรุงไทย | Q32: =ข้าราชการ!S48 -> 0
B33: ตกเบิกเงินเดือน | D33: =ข้าราชการ!K33 -> 0 | G33: ไฟฟ้า | H33: =ข้าราชการ!T35 -> 0 | K33: ตกเบิกเงินเดือน | M33: =ข้าราชการ!K46 -> 0 | P33: ไฟฟ้า | Q33: =ข้าราชการ!T48 -> 0
B34: ค่าการศึกษาบุตร | D34: =ข้าราชการ!L33 -> 0 | G34: ประปา | H34: =ข้าราชการ!U35 -> 0 | K34: ค่าการศึกษาบุตร | M34: 0 | P34: ประปา | Q34: =ข้าราชการ!U48 -> 0
B35: ค่ารักษาพยาบาล | D35: =ข้าราชการ!M33 -> 0 | K35: ค่ารักษาพยาบาล | M35: =ข้าราชการ!M46 -> 0
B36: รวมรับ | D36: =SUM(D27:D35) -> 0 | G36: รวมจ่าย | H36: =SUM(H27:H35) -> 0 | K36: รวมรับ | M36: =SUM(M27:M35) -> 0 | P36: รวมจ่าย | Q36: =SUM(Q27:Q35) -> 0
C37: คงเหลือสุทธิ | D37: =D36-H36 -> 0 | F37: บาท | L37: คงเหลือสุทธิ | M37: =M36-Q36 -> 0 | O37: บาท
C38: ="("&BAHTTEXT(D37)&")" -> (ศูนย์บาทถ้วน) | L38: ="("&BAHTTEXT(M37)&")" -> (ศูนย์บาทถ้วน)
B43: (นางสาวพนิดา พลนงค์) | J43: (นางสาวพนิดา พลนงค์)
B44: นักจัดการงานทั่วไปปฏิบัติการ | J44: นักจัดการงานทั่วไปปฏิบัติการ
A45: =ขร1!J243 -> โรงพยาบาลสามโคก ประจำเดือน พฤศจิกายน 2568 | J45: =ขร1!J243 -> โรงพยาบาลสามโคก ประจำเดือน พฤศจิกายน 2568
A46: ชื่อ นางพรทิพย์ ธนเตชะสิน ตำแหน่ง พยาบาลวิชาชีพชำนาญการ | J46: ชื่อ นางสาวทิพาพร ดนตรีเสนาะ ตำแหน่ง พยาบาลวิชาชีพปฏิบัติการ
B48: รายรับ | G48: รายจ่าย | K48: รายรับ | P48: รายจ่าย
B49: เงินเดือน | D49: =ข้าราชการ!E34 -> 0 | G49: ภาษี | H49: =ข้าราชการ!N34 -> 0 | K49: เงินเดือน | M49: =ข้าราชการ!E47 -> 0 | P49: ภาษี | Q49: =ข้าราชการ!N47 -> 0
B50: เงินประจำตำแหน่ง/เท่าตำแหน่ง | D50: =ข้าราชการ!F34 -> 0 | G50: กบข. | H50: =ข้าราชการ!O34 -> 0 | K50: เงินประจำตำแหน่ง/เท่าตำแหน่ง | M50: =ข้าราชการ!F47 -> 0 | P50: กบข. | Q50: =ข้าราชการ!O47 -> 0
B51: เงินเพิ่มพิเศษไม่ทำเวชปฏิบัติ | D51: =ข้าราชการ!G34 -> 0 | G51: สหกรณ์ | H51: =ข้าราชการ!P34 -> 0 | K51: เงินเพิ่มพิเศษไม่ทำเวชปฏิบัติ | M51: =ข้าราชการ!G47 -> 0 | P51: สหกรณ์ | Q51: =ข้าราชการ!P47 -> 0
B52: ค่าตอบแทน พตส. | D52: =ข้าราชการ!H36 -> 0 | G52: ฌาปณกิจสงเคราะห์ | H52: =ข้าราชการ!Q34 -> 0 | K52: ค่าตอบแทน พตส. | M52: =ข้าราชการ!H49 -> 0 | P52: ฌาปณกิจสงเคราะห์ | Q52: =ข้าราชการ!Q49 -> 0
B53: ค่าตอบแทน ฉ.11 | D53: =ข้าราชการ!I36 -> 0 | G53: ออมสิน | H53: =ข้าราชการ!R34 -> 0 | K53: ค่าตอบแทน ฉ.11 | M53: =ข้าราชการ!I49 -> 0 | P53: ออมสิน | Q53: =ข้าราชการ!R49 -> 0
B54: ค่าตอบแทนนอกเวลาราชการ ต.ค.68 | D54: =ข้าราชการ!J36 -> 0 | G54: กรุงไทย | H54: =ข้าราชการ!S34 -> 0 | K54: ค่าตอบแทนนอกเวลาราชการ ต.ค.68 | M54: =ข้าราชการ!J49 -> 0 | P54: กรุงไทย | Q54: =ข้าราชการ!S49 -> 0
B55: ตกเบิกเงินเดือน | D55: =ข้าราชการ!K34 -> 0 | G55: ไฟฟ้า | H55: =ข้าราชการ!T36 -> 0 | K55: ตกเบิกเงินเดือน | M55: =ข้าราชการ!K47 -> 0 | P55: ไฟฟ้า | Q55: =ข้าราชการ!T49 -> 0
B56: ค่าการศึกษาบุตร | D56: =ข้าราชการ!L36 -> 0 | G56: ประปา | H56: =ข้าราชการ!U36 -> 0 | K56: ค่าการศึกษาบุตร | M56: =ข้าราชการ!L47 -> 0 | P56: ประปา | Q56: =ข้าราชการ!U49 -> 0
B57: ค่ารักษาพยาบาล | D57: =ข้าราชการ!M34 -> 0 | K57: ค่ารักษาพยาบาล | M57: =ข้าราชการ!M47 -> 0
B58: รวมรับ | D58: =SUM(D49:D57) -> 0 | G58: รวมจ่าย | H58: =SUM(H49:H57) -> 0 | K58: รวมรับ | M58: =SUM(M49:M57) -> 0 | P58: รวมจ่าย | Q58: =SUM(Q49:Q57) -> 0
C59: คงเหลือสุทธิ | D59: =D58-H58 -> 0 | F59: บาท | L59: คงเหลือสุทธิ | M59: =M58-Q58 -> 0 | O59: บาท
C60: ="("&BAHTTEXT(D59)&")" -> (ศูนย์บาทถ้วน) | L60: ="("&BAHTTEXT(M59)&")" -> (ศูนย์บาทถ้วน)
A65: (นางสาวพนิดา พลนงค์) | J65: (นางสาวพนิดา พลนงค์)
A66: นักจัดการงานทั่วไปปฏิบัติการ | J66: นักจัดการงานทั่วไปปฏิบัติการ
A67: =ขร1!J243 -> โรงพยาบาลสามโคก ประจำเดือน พฤศจิกายน 2568 | J67: =ขร1!J243 -> โรงพยาบาลสามโคก ประจำเดือน พฤศจิกายน 2568
A68: ชื่อ นางวิภาพร มีทา ตำแหน่ง พยาบาลวิชาชีพชำนาญการ | J68: ชื่อ นางสาวยุวดี พิพานเมฆาภรณ์ ตำแหน่ง เภสัชกรชำนาญการ
B70: รายรับ | G70: รายจ่าย | K70: รายรับ | P70: รายจ่าย
B71: เงินเดือน | D71: =ข้าราชการ!E35 -> 0 | G71: ภาษี | H71: =ข้าราชการ!N35 -> 0 | K71: เงินเดือน | M71: =ข้าราชการ!E48 -> 0 | P71: ภาษี | Q71: =ข้าราชการ!N48 -> 0
B72: เงินประจำตำแหน่ง/เท่าตำแหน่ง | D72: =ข้าราชการ!F35 -> 0 | G72: กบข. | H72: =ข้าราชการ!O35 -> 0 | K72: เงินประจำตำแหน่ง/เท่าตำแหน่ง | M72: =ข้าราชการ!F48 -> 0 | P72: กบข. | Q72: =ข้าราชการ!O48 -> 0
B73: เงินเพิ่มพิเศษไม่ทำเวชปฏิบัติ | D73: =ข้าราชการ!G35 -> 0 | G73: สหกรณ์ | H73: =ข้าราชการ!P35 -> 0 | K73: เงินเพิ่มพิเศษไม่ทำเวชปฏิบัติ | M73: =ข้าราชการ!G48 -> 0 | P73: สหกรณ์ | Q73: =ข้าราชการ!P48 -> 0
B74: ค่าตอบแทน พตส. | D74: =ข้าราชการ!H37 -> 0 | G74: ฌาปณกิจสงเคราะห์ | H74: =ข้าราชการ!Q35 -> 0 | K74: ค่าตอบแทน พตส. | M74: =ข้าราชการ!H50 -> 0 | P74: ฌาปณกิจสงเคราะห์ | Q74: 0
B75: ค่าตอบแทน ฉ.11 | D75: =ข้าราชการ!I37 -> 0 | G75: ออมสิน | H75: =ข้าราชการ!R35 -> 0 | K75: ค่าตอบแทน ฉ.11 | M75: =ข้าราชการ!I50 -> 0 | P75: ออมสิน | Q75: =ข้าราชการ!R48 -> 0
B76: ค่าตอบแทนนอกเวลาราชการ ต.ค.68 | D76: =ข้าราชการ!J37 -> 0 | G76: กรุงไทย | H76: =ข้าราชการ!S37 -> 0 | K76: ค่าตอบแทนนอกเวลาราชการ | M76: =ข้าราชการ!J50 -> 0 | P76: กรุงไทย | Q76: =ข้าราชการ!S50 -> 0
B77: ตกเบิกเงินเดือน | D77: =ข้าราชการ!K35 -> 0 | G77: ไฟฟ้า | H77: =ข้าราชการ!T37 -> 0 | K77: ตกเบิกเงินเดือน | M77: =ข้าราชการ!K48 -> 0 | P77: ไฟฟ้า | Q77: =ข้าราชการ!T50 -> 0
B78: ค่าการศึกษาบุตร | D78: =ข้าราชการ!L35 -> 0 | G78: ประปา | H78: =ข้าราชการ!U37 -> 0 | K78: ค่าการศึกษาบุตร | M78: =ข้าราชการ!L48 -> 0 | P78: ประปา | Q78: =ข้าราชการ!U50 -> 0
B79: ค่ารักษาพยาบาล | D79: =ข้าราชการ!M35 -> 0 | K79: ค่ารักษาพยาบาล | M79: =ข้าราชการ!M48 -> 0
B80: รวมรับ | D80: =SUM(D71:D79) -> 0 | G80: รวมจ่าย | H80: =SUM(H71:H79) -> 0 | K80: รวมรับ | M80: =SUM(M71:M79) -> 0 | P80: รวมจ่าย | Q80: =SUM(Q71:Q79) -> 0
C81: คงเหลือสุทธิ | D81: =D80-H80 -> 0 | F81: บาท | L81: คงเหลือสุทธิ | M81: =M80-Q80 -> 0 | O81: บาท
C82: ="("&BAHTTEXT(D81)&")" -> (ศูนย์บาทถ้วน) | L82: ="("&BAHTTEXT(M81)&")" -> (ศูนย์บาทถ้วน)
A87: (นางสาวพนิดา พลนงค์) | J87: (นางสาวพนิดา พลนงค์)
A88: นักจัดการงานทั่วไปปฏิบัติการ | J88: นักจัดการงานทั่วไปปฏิบัติการ
A89: =ขร1!J243 -> โรงพยาบาลสามโคก ประจำเดือน พฤศจิกายน 2568 | J89: =ขร1!J243 -> โรงพยาบาลสามโคก ประจำเดือน พฤศจิกายน 2568
A90: ชื่อ นางสาวปาจรีย์ เยื่อปุย ตำแหน่ง พยาบาลวิชาชีพชำนาญการ | J90: ชื่อ นางเสาวรัตน์ เฮงยศมาก ตำแหน่ง พยาบาลวิชาชีพชำนาญการพิเศษ
B92: รายรับ | G92: รายจ่าย | K92: รายรับ | P92: รายจ่าย
B93: เงินเดือน | D93: =ข้าราชการ!E36 -> 0 | G93: ภาษี | H93: =ข้าราชการ!N36 -> 0 | K93: เงินเดือน | M93: =ข้าราชการ!E49 -> 0 | P93: ภาษี | Q93: =ข้าราชการ!N49 -> 0
B94: เงินประจำตำแหน่ง/เท่าตำแหน่ง | D94: =ข้าราชการ!F36 -> 0 | G94: กบข. | H94: =ข้าราชการ!O36 -> 0 | K94: เงินประจำตำแหน่ง/เท่าตำแหน่ง | M94: =ข้าราชการ!F49 -> 0 | P94: กบข. | Q94: =ข้าราชการ!O49 -> 0
B95: เงินเพิ่มพิเศษไม่ทำเวชปฏิบัติ | D95: =ข้าราชการ!G36 -> 0 | G95: สหกรณ์ | H95: =ข้าราชการ!P36 -> 0 | K95: เงินเพิ่มพิเศษไม่ทำเวชปฏิบัติ | M95: =ข้าราชการ!G49 -> 0 | P95: สหกรณ์ | Q95: =ข้าราชการ!P49 -> 0
B96: ค่าตอบแทน พตส. | D96: =ข้าราชการ!H38 -> 0 | G96: ฌาปณกิจสงเคราะห์ | H96: =ข้าราชการ!Q36 -> 0 | K96: ค่าตอบแทน พตส. | M96: =ข้าราชการ!H51 -> 0 | P96: ฌาปณกิจสงเคราะห์ | Q96: =ข้าราชการ!Q51 -> 0
B97: ค่าตอบแทน ฉ.11 | D97: =ข้าราชการ!I38 -> 0 | G97: ออมสิน | H97: =ข้าราชการ!R36 -> 0 | K97: ค่าตอบแทน ฉ.11 | M97: =ข้าราชการ!I51 -> 0 | P97: ออมสิน | Q97: 0
B98: ค่าตอบแทนนอกเวลาราชการ ต.ค.68 | D98: =ข้าราชการ!J38 -> 0 | G98: กรุงไทย | H98: =ข้าราชการ!S36 -> 0 | K98: ค่าตอบแทนนอกเวลาราชการ | M98: =ข้าราชการ!J51 -> 0 | P98: กรุงไทย | Q98: =ข้าราชการ!S51 -> 0
B99: ตกเบิกเงินเดือน | D99: =ข้าราชการ!K38 -> 0 | G99: ไฟฟ้า | H99: 0 | K99: ตกเบิกเงินเดือน | M99: =ข้าราชการ!K49 -> 0 | P99: ไฟฟ้า | Q99: =ข้าราชการ!T51 -> 0
B100: ค่าการศึกษาบุตร | D100: =ข้าราชการ!L38 -> 0 | G100: ประปา | H100: 0 | K100: ค่าการศึกษาบุตร | M100: =ข้าราชการ!L49 -> 0 | P100: ประปา | Q100: =ข้าราชการ!U51 -> 0
B101: ค่ารักษาพยาบาล | D101: =ข้าราชการ!M38 -> 0 | K101: ค่ารักษาพยาบาล | M101: =ข้าราชการ!M49 -> 0
B102: รวมรับ | D102: =SUM(D93:D101) -> 0 | G102: รวมจ่าย | H102: =SUM(H93:H101) -> 0 | K102: รวมรับ | M102: =SUM(M93:M101) -> 0 | P102: รวมจ่าย | Q102: =SUM(Q93:Q101) -> 0
C103: คงเหลือสุทธิ | D103: =D102-H102 -> 0 | F103: บาท | L103: คงเหลือสุทธิ | M103: =M102-Q102 -> 0 | O103: บาท
C104: ="("&BAHTTEXT(D103)&")" -> (ศูนย์บาทถ้วน) | L104: ="("&BAHTTEXT(M103)&")" -> (ศูนย์บาทถ้วน)
A109: (นางสาวพนิดา พลนงค์) | J109: (นางสาวพนิดา พลนงค์)
A110: นักจัดการงานทั่วไปปฏิบัติการ | J110: นักจัดการงานทั่วไปปฏิบัติการ
A111: =ขร1!J243 -> โรงพยาบาลสามโคก ประจำเดือน พฤศจิกายน 2568 | J111: =A23 -> โรงพยาบาลสามโคก ประจำเดือน พฤศจิกายน 2568
A112: ชื่อ นางสาวธาริณี เขมะวานิช ตำแหน่ง พยาบาลวิชาชีพชำนาญการพิเศษ | J112: ชื่อ นางสาวชัญญา มุขศรี ตำแหน่ง นักเทคนิคการแพทย์ชำนาญการ
B114: รายรับ | G114: รายจ่าย | K114: รายรับ | P114: รายจ่าย
B115: เงินเดือน | D115: =ข้าราชการ!E37 -> 0 | G115: ภาษี | H115: =ข้าราชการ!N37 -> 0 | K115: เงินเดือน | M115: 0 | P115: ภาษี | Q115: 0
B116: เงินประจำตำแหน่ง/เท่าตำแหน่ง | D116: =ข้าราชการ!F37 -> 0 | G116: กบข. | H116: =ข้าราชการ!O37 -> 0 | K116: เงินประจำตำแหน่ง/เท่าตำแหน่ง | M116: 0 | P116: กบข. | Q116: 0
B117: เงินเพิ่มพิเศษไม่ทำเวชปฏิบัติ | D117: =ข้าราชการ!G37 -> 0 | G117: สหกรณ์ | H117: =ข้าราชการ!P37 -> 0 | K117: เงินเพิ่มพิเศษไม่ทำเวชปฏิบัติ | M117: 0 | P117: สหกรณ์ | Q117: 0
B118: ค่าตอบแทน พตส. | D118: =ข้าราชการ!H39 -> 0 | G118: ฌาปณกิจสงเคราะห์ | H118: =ข้าราชการ!Q37 -> 0 | K118: ค่าตอบแทน พตส. | M118: =ข้าราชการ!H52 -> 0 | P118: ฌาปณกิจสงเคราะห์ | Q118: 0
B119: ค่าตอบแทน ฉ.11 | D119: =ข้าราชการ!I39 -> 0 | G119: ออมสิน | H119: =ข้าราชการ!R39 -> 0 | K119: ค่าตอบแทน ฉ.11 | M119: =ข้าราชการ!I52 -> 0 | P119: ออมสิน | Q119: 0
B120: ค่าตอบแทนนอกเวลาราชการ | D120: =ข้าราชการ!J39 -> 0 | G120: กรุงไทย | H120: =ข้าราชการ!S39 -> 0 | K120: ค่าตอบแทนนอกเวลาราชการ ต.ค.68 | M120: =ข้าราชการ!J52 -> 0 | P120: กรุงไทย | Q120: =ข้าราชการ!S52 -> 0
B121: ตกเบิกเงินเดือน | D121: =ข้าราชการ!K37 -> 0 | G121: ไฟฟ้า | H121: =ข้าราชการ!T39 -> 0 | K121: ตกเบิกเงินเดือน | M121: =ข้าราชการ!K50 -> 0 | P121: ไฟฟ้า | Q121: =ข้าราชการ!T52 -> 0
B122: ค่าการศึกษาบุตร | D122: =ข้าราชการ!L37 -> 0 | G122: ประปา | H122: =ข้าราชการ!U39 -> 0 | K122: ค่าการศึกษาบุตร | M122: 0 | P122: ประปา | Q122: =ข้าราชการ!U52 -> 0
B123: ค่ารักษาพยาบาล | D123: =ข้าราชการ!M37 -> 0 | K123: ค่ารักษาพยาบาล | M123: =ข้าราชการ!M50 -> 0
B124: รวมรับ | D124: =SUM(D115:D123) -> 0 | G124: รวมจ่าย | H124: =SUM(H115:H123) -> 0 | K124: รวมรับ | M124: =SUM(M115:M123) -> 0 | P124: รวมจ่าย | Q124: =SUM(Q115:Q123) -> 0
C125: คงเหลือสุทธิ | D125: =D124-H124 -> 0 | F125: บาท | L125: คงเหลือสุทธิ | M125: =M124-Q124 -> 0 | O125: บาท
C126: ="("&BAHTTEXT(D125)&")" -> (ศูนย์บาทถ้วน) | L126: ="("&BAHTTEXT(M125)&")" -> (ศูนย์บาทถ้วน)
...

Sheet ขร3
A1: =ขร2!J111 -> โรงพยาบาลสามโคก ประจำเดือน พฤศจิกายน 2568 | J1: =A23 -> โรงพยาบาลสามโคก ประจำเดือน พฤศจิกายน 2568
A2: ชื่อ นายนรุตน์ ช่วยกลาง ตำแหน่ง ทันตแพทย์ปฏิบัติการ | J2: ชื่อ นางสาวจิระวดี กันทะมัง ตำแหน่ง นักวิชาการสาธารณสุขปฏิบัติการ
B4: รายรับ | G4: รายจ่าย | K4: รายรับ | P4: รายจ่าย
B5: เงินเดือน | D5: =ข้าราชการ!E55 -> 0 | G5: ภาษี | H5: 0 | K5: เงินเดือน | M5: 0 | P5: ภาษี | Q5: 0
B6: เงินประจำตำแหน่ง/เท่าตำแหน่ง | D6: 0 | G6: กบข. | H6: 0 | K6: เงินประจำตำแหน่ง/เท่าตำแหน่ง | M6: 0 | P6: กบข. | Q6: 0
B7: เงินเพิ่มพิเศษไม่ทำเวชปฏิบัติ | D7: 0 | G7: สหกรณ์ | H7: 0 | K7: เงินเพิ่มพิเศษไม่ทำเวชปฏิบัติ | M7: 0 | P7: สหกรณ์ | Q7: 0
B8: ค่าตอบแทน พตส. | D8: =ข้าราชการ!H57 -> 0 | G8: ฌาปณกิจสงเคราะห์ | H8: 0 | K8: ค่าตอบแทน พตส. | M8: 0 | P8: ฌาปณกิจสงเคราะห์ | Q8: 0
B9: ค่าตอบแทน ฉ.11 | D9: =ข้าราชการ!I57 -> 0 | G9: ออมสิน | H9: 0 | K9: ค่าตอบแทน ฉ.11 | M9: =ข้าราชการ!I70 -> 0 | P9: ออมสิน | Q9: 0
B10: ค่าตอบแทนนอกเวลาราชการ | D10: =ข้าราชการ!J57 -> 0 | G10: กรุงไทย | H10: =ข้าราชการ!S55 -> 0 | K10: ค่าตอบแทนนอกเวลาราชการ ต.ค.68 | M10: =ข้าราชการ!J69 -> 0 | P10: กรุงไทย | Q10: 0
B11: ตกเบิกเงินเดือน | D11: =ข้าราชการ!K55 -> 0 | G11: ไฟฟ้า | H11: =ข้าราชการ!T55 -> 0 | K11: ตกเบิกเงินเดือน | M11: =ข้าราชการ!K69 -> 0 | P11: ไฟฟ้า | Q11: =ข้าราชการ!T69 -> 0
B12: ค่าการศึกษาบุตร | D12: 0 | G12: ประปา | H12: =ข้าราชการ!U55 -> 0 | K12: ค่าการศึกษาบุตร | M12: 0 | P12: ประปา | Q12: =ข้าราชการ!U69 -> 0
B13: ค่ารักษาพยาบาล | D13: =ข้าราชการ!M55 -> 0 | K13: ค่ารักษาพยาบาล | M13: 0
B14: รวมรับ | D14: =SUM(D5:D13) -> 0 | G14: รวมจ่าย | H14: =SUM(H5:H13) -> 0 | K14: รวมรับ | M14: =SUM(M5:M13) -> 0 | P14: รวมจ่าย | Q14: =SUM(Q5:Q13) -> 0
C15: คงเหลือสุทธิ | D15: =D14-H14 -> 0 | F15: บาท | L15: คงเหลือสุทธิ | M15: =M14-Q14 -> 0 | O15: บาท
C16: ="("&BAHTTEXT(D15)&")" -> (ศูนย์บาทถ้วน) | L16: ="("&BAHTTEXT(M15)&")" -> (ศูนย์บาทถ้วน)
A21: (นางสาวพนิดา พลนงค์) | J21: (นางสาวพนิดา พลนงค์)
A22: นักจัดการงานทั่วไปปฏิบัติการ | J22: นักจัดการงานทั่วไปปฏิบัติการ
A23: =ขร2!J111 -> โรงพยาบาลสามโคก ประจำเดือน พฤศจิกายน 2568 | J23: =A45 -> โรงพยาบาลสามโคก ประจำเดือน พฤศจิกายน 2568
A24: ชื่อ นางสาวกนกพร มุ่งเจือกลาง ตำแหน่ง พยาบาลวิชาชีพปฏิบัติการ | J24: ชื่อ นายอติวิชญ์ จิรัฐิติชีพ ตำแหน่ง นายแพทย์ชำนาญการ
B26: รายรับ | G26: รายจ่าย | K26: รายรับ | P26: รายจ่าย
B27: เงินเดือน | D27: =ข้าราชการ!E56 -> 0 | G27: ภาษี | H27: 0 | K27: เงินเดือน | M27: 0 | P27: ภาษี | Q27: 0
B28: เงินประจำตำแหน่ง/เท่าตำแหน่ง | D28: 0 | G28: กบข. | H28: 0 | K28: เงินประจำตำแหน่ง/เท่าตำแหน่ง | M28: 0 | P28: กบข. | Q28: 0
B29: เงินเพิ่มพิเศษไม่ทำเวชปฏิบัติ | D29: 0 | G29: สหกรณ์ | H29: 0 | K29: เงินเพิ่มพิเศษไม่ทำเวชปฏิบัติ พ.ย.68 | M29: =ข้าราชการ!G70 -> 0 | P29: สหกรณ์ | Q29: 0
B30: ค่าตอบแทน พตส. | D30: =ข้าราชการ!H58 -> 0 | G30: ฌาปณกิจสงเคราะห์ | H30: =ข้าราชการ!Q58 -> 0 | K30: ค่าตอบแทน พตส. | M30: =ข้าราชการ!H73 -> 0 | P30: ฌาปณกิจสงเคราะห์ | Q30: 0
B31: ค่าตอบแทน ฉ.11 | D31: =ข้าราชการ!I58 -> 0 | G31: ออมสิน | H31: =ข้าราชการ!R58 -> 0 | K31: ค่าตอบแทน ฉ.11 | M31: =ข้าราชการ!I71 -> 0 | P31: ออมสิน | Q31: 0
B32: ค่าตอบแทนนอกเวลาราชการ ต.ค.68 | D32: =ข้าราชการ!J58 -> 0 | G32: กรุงไทย | H32: =ข้าราชการ!S56 -> 0 | K32: ค่าตอบแทนนอกเวลาราชการ ต.ค.68 | M32: =ข้าราชการ!J70 -> 0 | P32: กรุงไทย | Q32: 0
B33: ตกเบิกเงินเดือน | D33: 0 | G33: ไฟฟ้า | H33: =ข้าราชการ!T58 -> 0 | K33: ตกเบิกเงินเดือน | M33: =ข้าราชการ!T70 -> 0 | P33: ไฟฟ้า | Q33: =ข้าราชการ!T71 -> 0
B34: ค่าการศึกษาบุตร | D34: 0 | G34: ประปา | H34: =ข้าราชการ!U56 -> 0 | K34: ค่าการศึกษาบุตร | M34: 0 | P34: ประปา | Q34: =ข้าราชการ!U71 -> 0
B35: ค่ารักษาพยาบาล | D35: =ข้าราชการ!M58 -> 0 | K35: ค่ารักษาพยาบาล | M35: 0
B36: รวมรับ | D36: =SUM(D27:D35) -> 0 | G36: รวมจ่าย | H36: =SUM(H27:H35) -> 0 | K36: รวมรับ | M36: =SUM(M27:M35) -> 0 | P36: รวมจ่าย | Q36: =SUM(Q27:Q35) -> 0
C37: คงเหลือสุทธิ | D37: =D36-H36 -> 0 | F37: บาท | L37: คงเหลือสุทธิ | M37: =M36-Q36 -> 0 | O37: บาท
C38: ="("&BAHTTEXT(D37)&")" -> (ศูนย์บาทถ้วน) | L38: ="("&BAHTTEXT(M37)&")" -> (ศูนย์บาทถ้วน)
B43: (นางสาวพนิดา พลนงค์) | J43: (นางสาวพนิดา พลนงค์)
B44: นักจัดการงานทั่วไปปฏิบัติการ | J44: นักจัดการงานทั่วไปปฏิบัติการ
A45: =ขร1!J177 -> โรงพยาบาลสามโคก ประจำเดือน พฤศจิกายน 2568 | J45: =A67 -> โรงพยาบาลสามโคก ประจำเดือน พฤศจิกายน 2568
A46: ชื่อ นางสาวพรนภา ภูน้ำเย็น ตำแหน่ง พยาบาลวิชาชีพปฏิบัติการ | J46: ชื่อ นายกฤษณพล พิณสุวรรณ์ ตำแหน่ง นายแพทย์ปฏิบัติการ
B48: รายรับ | G48: รายจ่าย | K48: รายรับ | P48: รายจ่าย
B49: เงินเดือน | D49: 0 | G49: ภาษี | H49: =ข้าราชการ!N142 -> 0 | K49: เงินเดือน | M49: 0 | P49: ภาษี | Q49: 0
B50: เงินประจำตำแหน่ง/เท่าตำแหน่ง | D50: 0 | G50: กบข. | H50: =ข้าราชการ!O142 -> 0 | K50: เงินประจำตำแหน่ง/เท่าตำแหน่ง | M50: 0 | P50: กบข. | Q50: 0
B51: เงินเพิ่มพิเศษไม่ทำเวชปฏิบัติ | D51: =ข้าราชการ!G142 -> 0 | G51: สหกรณ์ | H51: =ข้าราชการ!P142 -> 0 | K51: เงินเพิ่มพิเศษไม่ทำเวชปฏิบัติ พ.ย.68 | M51: =ข้าราชการ!G71 -> 0 | P51: สหกรณ์ | Q51: 0
B52: ค่าตอบแทน พตส. | D52: =ข้าราชการ!H59 -> 0 | G52: ฌาปณกิจสงเคราะห์ | H52: =ข้าราชการ!Q142 -> 0 | K52: ค่าตอบแทน พตส. | M52: =ข้าราชการ!H74 -> 0 | P52: ฌาปณกิจสงเคราะห์ | Q52: 0
B53: ค่าตอบแทน ฉ.11 | D53: =ข้าราชการ!I59 -> 0 | G53: ออมสิน | H53: =ข้าราชการ!R59 -> 0 | K53: ค่าตอบแทน ฉ.11 | M53: =ข้าราชการ!I72 -> 0 | P53: ออมสิน | Q53: 0
B54: ค่าตอบแทนนอกเวลาราชการ ต.ค.68 | D54: =ข้าราชการ!J59 -> 0 | G54: กรุงไทย | H54: =ข้าราชการ!S59 -> 0 | K54: ค่าตอบแทนนอกเวลาราชการ ต.ค.68 | M54: =ข้าราชการ!J71 -> 0 | P54: กรุงไทย | Q54: 0
B55: ตกเบิกเงินเดือน | D55: =ข้าราชการ!K57 -> 0 | G55: ไฟฟ้า | H55: =ข้าราชการ!T59 -> 0 | K55: ตกเบิกเงินเดือน | M55: =ข้าราชการ!T106 -> 0 | P55: ไฟฟ้า | Q55: =ข้าราชการ!T72 -> 0
B56: ค่าการศึกษาบุตร | D56: =ข้าราชการ!L59 -> 0 | G56: ประปา | H56: =ข้าราชการ!U59 -> 0 | K56: ค่าการศึกษาบุตร | M56: 0 | P56: ประปา | Q56: =ข้าราชการ!U72 -> 0
B57: ค่ารักษาพยาบาล | D57: =ข้าราชการ!M59 -> 0 | K57: ค่ารักษาพยาบาล | M57: 0
B58: รวมรับ | D58: =SUM(D49:D57) -> 0 | G58: รวมจ่าย | H58: =SUM(H49:H57) -> 0 | K58: รวมรับ | M58: =SUM(M49:M57) -> 0 | P58: รวมจ่าย | Q58: =SUM(Q49:Q57) -> 0
C59: คงเหลือสุทธิ | D59: =D58-H58 -> 0 | F59: บาท | L59: คงเหลือสุทธิ | M59: =M58-Q58 -> 0 | O59: บาท
C60: ="("&BAHTTEXT(D59)&")" -> (ศูนย์บาทถ้วน) | L60: ="("&BAHTTEXT(M59)&")" -> (ศูนย์บาทถ้วน)
B65: (นางสาวพนิดา พลนงค์) | J65: (นางสาวพนิดา พลนงค์)
B66: นักจัดการงานทั่วไปปฏิบัติการ | J66: นักจัดการงานทั่วไปปฏิบัติการ
A67: =ขร1!J199 -> โรงพยาบาลสามโคก ประจำเดือน พฤศจิกายน 2568 | J67: =A67 -> โรงพยาบาลสามโคก ประจำเดือน พฤศจิกายน 2568
A68: ชื่อ นางสาวขวัญธิดา อินทรชัย ตำแหน่ง นักกายภาพบำบัดปฏิบัติการ | J68: ชื่อ นางสาวจุฑาธิบดิ์ พรหมเชียง ตำแหน่ง นายแพทย์ปฏิบัติการ
B70: รายรับ | G70: รายจ่าย | K70: รายรับ | P70: รายจ่าย
B71: เงินเดือน | D71: 0 | G71: ภาษี | H71: =ข้าราชการ!N164 -> 0 | K71: เงินเดือน | M71: 0 | P71: ภาษี | Q71: 0
B72: เงินประจำตำแหน่ง/เท่าตำแหน่ง | D72: 0 | G72: กบข. | H72: =ข้าราชการ!O164 -> 0 | K72: เงินประจำตำแหน่ง/เท่าตำแหน่ง | M72: 0 | P72: กบข. | Q72: 0
B73: เงินเพิ่มพิเศษไม่ทำเวชปฏิบัติ | D73: =ข้าราชการ!G60 -> 0 | G73: สหกรณ์ | H73: =ข้าราชการ!P164 -> 0 | K73: เงินเพิ่มพิเศษไม่ทำเวชปฏิบัติ พ.ย.68 | M73: =ข้าราชการ!G72 -> 0 | P73: สหกรณ์ | Q73: 0
B74: ค่าตอบแทน พตส. | D74: =ข้าราชการ!H60 -> 0 | G74: ฌาปณกิจสงเคราะห์ | H74: =ข้าราชการ!Q60 -> 0 | K74: ค่าตอบแทน พตส. | M74: =ข้าราชการ!H75 -> 0 | P74: ฌาปณกิจสงเคราะห์ | Q74: 0
B75: ค่าตอบแทน ฉ.11 | D75: =ข้าราชการ!I60 -> 0 | G75: ออมสิน | H75: =ข้าราชการ!R60 -> 0 | K75: ค่าตอบแทน ฉ.11 | M75: =ข้าราชการ!I73 -> 0 | P75: กยศ. | Q75: 0
B76: ค่าตอบแทนนอกเวลาราชการ ต.ค.68 | D76: =ข้าราชการ!J60 -> 0 | G76: กรุงไทย | H76: =ข้าราชการ!S60 -> 0 | K76: ค่าตอบแทนนอกเวลาราชการ ต.ค.68 | M76: =ข้าราชการ!J72 -> 0 | P76: กรุงไทย | Q76: 0
B77: ตกเบิกเงินเดือน | D77: 0 | G77: ไฟฟ้า | H77: =ข้าราชการ!T60 -> 0 | K77: ตกเบิกเงินเดือน | M77: =ข้าราชการ!T106 -> 0 | P77: ไฟฟ้า | Q77: 0
B78: ค่าการศึกษาบุตร | D78: =ข้าราชการ!L58 -> 0 | G78: ประปา | H78: =ข้าราชการ!U60 -> 0 | K78: ค่าการศึกษาบุตร | M78: 0 | P78: ประปา | Q78: 0
B79: ค่ารักษาพยาบาล | D79: 0 | K79: ค่ารักษาพยาบาล | M79: 0
B80: รวมรับ | D80: =SUM(D71:D79) -> 0 | G80: รวมจ่าย | H80: =SUM(H71:H79) -> 0 | K80: รวมรับ | M80: =SUM(M71:M79) -> 0 | P80: รวมจ่าย | Q80: =SUM(Q71:Q79) -> 0
C81: คงเหลือสุทธิ | D81: =D80-H80 -> 0 | F81: บาท | L81: คงเหลือสุทธิ | M81: =M80-Q80 -> 0 | O81: บาท
C82: ="("&BAHTTEXT(D81)&")" -> (ศูนย์บาทถ้วน) | L82: ="("&BAHTTEXT(M81)&")" -> (ศูนย์บาทถ้วน)
B87: (นางสาวพนิดา พลนงค์) | J87: (นางสาวพนิดา พลนงค์)
B88: นักจัดการงานทั่วไปปฏิบัติการ | J88: นักจัดการงานทั่วไปปฏิบัติการ
A89: =ขร2!J199 -> โรงพยาบาลสามโคก ประจำเดือน พฤศจิกายน 2568
A90: ชื่อ นางสาวเบญจวรรณ หอมแก่นจันทร์ ตำแหน่ง นักเทคนิคการแพทย์ปฏิบัติการ
B92: รายรับ | G92: รายจ่าย
B93: เงินเดือน | D93: 0 | G93: ภาษี | H93: 0
B94: เงินประจำตำแหน่ง/เท่าตำแหน่ง | D94: 0 | G94: กบข. | H94: 0
B95: เงินเพิ่มพิเศษไม่ทำเวชปฏิบัติ | G95: สหกรณ์ | H95: 0
B96: ค่าตอบแทน พตส. | D96: =ข้าราชการ!H64 -> 0 | G96: ฌาปณกิจสงเคราะห์ | H96: 0
B97: ค่าตอบแทน ฉ.11 | D97: =ข้าราชการ!I63 -> 0 | G97: ออมสิน | H97: 0
B98: ค่าตอบแทนนอกเวลาราชการ ต.ค.68 | D98: =ข้าราชการ!J63 -> 0 | G98: กรุงไทย | H98: 0
B99: ตกเบิกเงินเดือน | D99: =ข้าราชการ!K60 -> 0 | G99: ไฟฟ้า | H99: =ข้าราชการ!T63 -> 0
B100: ค่าการศึกษาบุตร | D100: 0 | G100: ประปา | H100: =ข้าราชการ!U63 -> 0
B101: ค่ารักษาพยาบาล | D101: =ข้าราชการ!L63 -> 0
B102: รวมรับ | D102: =SUM(D93:D101) -> 0 | G102: รวมจ่าย | H102: =SUM(H93:H101) -> 0
C103: คงเหลือสุทธิ | D103: =D102-H102 -> 0 | F103: บาท
C104: ="("&BAHTTEXT(D103)&")" -> (ศูนย์บาทถ้วน)
A109: (นางสาวพนิดา พลนงค์)
A110: นักจัดการงานทั่วไปปฏิบัติการ
A111: =ขร2!J177 -> โรงพยาบาลสามโคก ประจำเดือน พฤศจิกายน 2568
A112: ชื่อ นางสาวแสงจันทร์ เหลาทอง ตำแหน่ง นักวิชาการสาธารณสุขปฏิบัติการ
B114: รายรับ | G114: รายจ่าย
B115: เงินเดือน | D115: =ข้าราชการ!N55 -> 0 | G115: ภาษี | H115: 0
B116: เงินประจำตำแหน่ง/เท่าตำแหน่ง | D116: 0 | G116: กบข. | H116: 0
B117: เงินเพิ่มพิเศษไม่ทำเวชปฏิบัติ | D117: =ข้าราชการ!G64 -> 0 | G117: สหกรณ์ | H117: 0
B118: ค่าตอบแทน พตส. | D118: =ข้าราชการ!H64 -> 0 | G118: ฌาปณกิจสงเคราะห์ | H118: 0
B119: ค่าตอบแทน ฉ.11 | D119: =ข้าราชการ!I64 -> 0 | G119: ออมสิน | H119: =ข้าราชการ!R64 -> 0
B120: ค่าตอบแทนนอกเวลาราชการ ต.ค.68 | D120: =ข้าราชการ!J64 -> 0 | G120: กรุงไทย | H120: =ข้าราชการ!S64 -> 0
B121: ตกเบิกเงินเดือน | D121: =ข้าราชการ!K63 -> 0 | G121: ไฟฟ้า | H121: =ข้าราชการ!T64 -> 0
B122: ค่าการศึกษาบุตร | D122: 0 | G122: ประปา | H122: =ข้าราชการ!U64 -> 0
B123: ค่ารักษาพยาบาล | D123: =ข้าราชการ!M65 -> 0
B124: รวมรับ | D124: =SUM(D115:D123) -> 0 | G124: รวมจ่าย | H124: =SUM(H115:H123) -> 0
C125: คงเหลือสุทธิ | D125: =D124-H124 -> 0 | F125: บาท
C126: ="("&BAHTTEXT(D125)&")" -> (ศูนย์บาทถ้วน)
...

Sheet ลจ
A1: =ขร2!J133 -> โรงพยาบาลสามโคก ประจำเดือน พฤศจิกายน 2568
A2: ชื่อ นางวรรณา ถนอมงาม ตำแหน่ง พนักงานพัสดุ
B4: รายรับ | G4: รายจ่าย
B5: เงินเดือน | D5: =ข้าราชการ!E97 -> 0 | G5: ภาษี | H5: =ข้าราชการ!N97 -> 0
B6: เงินประจำตำแหน่ง/เท่าตำแหน่ง | D6: =ข้าราชการ!F97 -> 0 | G6: กบข. | H6: =ข้าราชการ!O97 -> 0
B7: เงินเพิ่มพิเศษไม่ทำเวชปฏิบัติ | D7: =ข้าราชการ!G97 -> 0 | G7: สหกรณ์ | H7: =ข้าราชการ!P97 -> 0
B8: ค่าตอบแทน พตส. | D8: =ข้าราชการ!H97 -> 0 | G8: ฌาปณกิจสงเคราะห์ | H8: =ข้าราชการ!Q97 -> 0
B9: ค่าตอบแทน ฉ.11 ต.ค.68 | D9: =ลจ.ประจำ!I8 -> 10 | G9: ออมสิน | H9: =ข้าราชการ!R97 -> 0
B10: ค่าตอบแทนนอกเวลาราชการ | D10: =ลจ.ประจำ!J8 -> 0 | G10: กรุงไทย | H10: =ข้าราชการ!S97 -> 0
B11: ตกเบิกเงินเดือน | D11: =ลจ.ประจำ!K8 -> 0 | G11: ไฟฟ้า | H11: =ข้าราชการ!T97 -> 0
B12: ค่าการศึกษาบุตร | D12: =ลจ.ประจำ!L8 -> 0 | G12: ประปา | H12: =ข้าราชการ!U97 -> 0
B13: ค่ารักษาพยาบาล | D13: =ลจ.ประจำ!M8 -> 0
B14: รวมรับ | D14: =SUM(D5:D13) -> 10 | G14: รวมจ่าย | H14: =SUM(H5:H13) -> 0
C15: คงเหลือสุทธิ | D15: =D14-H14 -> 10 | F15: บาท
C16: ="("&BAHTTEXT(D15)&")" -> (สิบบาทถ้วน)
A21: (นางสาวพนิดา พลนงค์)
A22: นักจัดการงานทั่วไปปฏิบัติการ

Sheet พนง.ราชการ
A1: =ขร1!A1:I1 -> โรงพยาบาลสามโคก ประจำเดือน พฤศจิกายน 2568
A2: ชื่อ นางสาวสุมาลี เสือเพชร ตำแหน่ง นักวิชาการเงินและบัญชี
B4: รายรับ | G4: รายจ่าย
B5: เงินเดือน | D5: =พนักงาน!E8 -> 0 | G5: ภาษี | H5: =ลจ.ประจำ!N40 -> 0
B6: เงินประจำตำแหน่ง/เท่าตำแหน่ง | D6: =ลจ.ประจำ!F40 -> 0 | G6: ประกันสังคม | H6: =พนักงาน!O8 -> 0
B7: เงินเพิ่มพิเศษไม่ทำเวชปฏิบัติ | D7: =ลจ.ประจำ!G40 -> 0 | G7: สหกรณ์ | H7: =พนักงาน!P8 -> 0
B8: ค่าตอบแทน พตส. | D8: =ลจ.ประจำ!H40 -> 0 | G8: ฌาปณกิจสงเคราะห์ | H8: =พนักงาน!Q8 -> 0
B9: ค่าตอบแทน ฉ.11 ต.ค.68 | D9: =พนักงาน!I8 -> 2 | G9: ออมสิน | H9: =ลจ.ประจำ!R40 -> 0
B10: ค่าตอบแทนนอกเวลาราชการ ต.ค.68 | D10: =พนักงาน!J8 -> 3 | G10: กรุงไทย | H10: =ข้าราชการ!AB85 -> 0
B11: ตกเบิกเงินเดือน | D11: =พนักงาน!K8 -> 0 | G11: ไฟฟ้า | H11: =ลจ.ประจำ!T40 -> 0
B12: ค่าการศึกษาบุตร | D12: =ลจ.ประจำ!L40 -> 0 | G12: ประปา | H12: =ลจ.ประจำ!U40 -> 0
B13: ค่ารักษาพยาบาล | D13: =ลจ.ประจำ!M40 -> 0
B14: รวมรับ | D14: =SUM(D5:D13) -> 5 | G14: รวมจ่าย | H14: =SUM(H5:H13) -> 0
C15: คงเหลือสุทธิ | D15: =D14-H14 -> 5 | F15: บาท
C16: ="("&BAHTTEXT(D15)&")" -> (ห้าบาทถ้วน)
A21: (นางสาวพนิดา พลนงค์)
A22: นักจัดการงานทั่วไปปฏิบัติการ
A23: =พกส.1!J133 -> โรงพยาบาลสามโคก ประจำเดือน พฤศจิกายน 2568
A24: ชื่อ นางสาวพิทยาภรณ์ เจริญสุข ตำแหน่ง แพทย์แผนไทย
B26: รายรับ | G26: รายจ่าย
B27: เงินเดือน | D27: =พนักงาน!E9 -> 0 | G27: ภาษี | H27: 0
B28: เงินประจำตำแหน่ง/เท่าตำแหน่ง | D28: 0 | G28: ประกันสังคม | H28: =พนักงาน!O9 -> 0
B29: เงินเพิ่มพิเศษไม่ทำเวชปฏิบัติ | D29: 0 | G29: สหกรณ์ | H29: =รายเดือน!P8 -> 0
B30: ค่าตอบแทน พตส. | D30: 0 | G30: ฌาปณกิจสงเคราะห์ | H30: 0
B31: ค่าตอบแทน ฉ.11 | D31: =พนักงาน!I9 -> 0 | G31: ออมสิน | H31: =พนักงาน!R9 -> 0
B32: ค่าตอบแทนนอกเวลาราชการ ต.ค.68 | D32: =พนักงาน!J9 -> 0 | G32: กยศ. | H32: =พนักงาน!S9 -> 0
B33: ตกเบิกเงินเดือน | D33: =พนักงาน!K9 -> 0 | G33: ไฟฟ้า | H33: =รายเดือน!T8 -> 0
B34: ค่าการศึกษาบุตร | D34: 0 | G34: ประปา | H34: =รายเดือน!U8 -> 0
B35: ค่ารักษาพยาบาล | D35: 0
B36: รวมรายรับ | D36: =SUM(D27:D35) -> 0 | G36: รวมรายจ่าย | H36: =SUM(H27:H35) -> 0
C37: คงเหลือสุทธิ | D37: =D36-H36 -> 0 | F37: บาท
C38: ="("&BAHTTEXT(D37)&")" -> (ศูนย์บาทถ้วน)
A43: (นางสาวพนิดา พลนงค์)
A44: นักจัดการงานทั่วไปปฏิบัติการ
A45: =พกส.1!J155 -> โรงพยาบาลสามโคก ประจำเดือน พฤศจิกายน 2568
A46: ชื่อ นางสาวณัฐวินีย์ แสงภูติ ตำแหน่ง เภสัชกร
B48: รายรับ | G48: รายจ่าย
B49: เงินเดือน | D49: =พนักงาน!E10 -> 0 | G49: ภาษี | H49: 0
B50: เงินประจำตำแหน่ง/เท่าตำแหน่ง | D50: 0 | G50: ประกันสังคม | H50: =พนักงาน!O10 -> 0
B51: เงินเพิ่มพิเศษไม่ทำเวชปฏิบัติ พ.ย.68 | D51: =พนักงาน!G10 -> 0 | G51: สหกรณ์ | H51: =รายเดือน!P30 -> 0
B52: ค่าตอบแทน คตส. | D52: =พนักงาน!H10 -> 0 | G52: ฌาปณกิจสงเคราะห์ | H52: 0
B53: ค่าตอบแทน ฉ.11 | D53: =พนักงาน!I10 -> 0 | G53: ออมสิน | H53: =พนักงาน!R31 -> 0
B54: ค่าตอบแทนนอกเวลาราชการ ต.ค.68 | D54: =พนักงาน!J10 -> 0 | G54: กยศ. | H54: =พนักงาน!S31 -> 0
B55: ตกเบิกเงินเดือน | D55: =พนักงาน!K31 -> 0 | G55: ไฟฟ้า | H55: =รายเดือน!T30 -> 0
B56: ค่าการศึกษาบุตร | D56: 0 | G56: ประปา | H56: =รายเดือน!U30 -> 0
B57: ค่ารักษาพยาบาล | D57: 0
B58: รวมรายรับ | D58: =SUM(D49:D57) -> 0 | G58: รวมรายจ่าย | H58: =SUM(H49:H57) -> 0
C59: คงเหลือสุทธิ | D59: =D58-H58 -> 0 | F59: บาท
C60: ="("&BAHTTEXT(D59)&")" -> (ศูนย์บาทถ้วน)
A65: (นางสาวพนิดา พลนงค์)
A66: นักจัดการงานทั่วไปปฏิบัติการ
A67: =ขร1!A67:I67 -> โรงพยาบาลสามโคก ประจำเดือน พฤศจิกายน 2568
A68: ชื่อ นางสาวอัญธิญาน์ พรชัยวุฒิพงษ์ ตำแหน่ง นักวิชาการพัสดุ
B70: รายรับ | G70: รายจ่าย
B71: เงินเดือน | D71: =พนักงาน!E11 -> 0 | G71: ภาษี | H71: =ลจ.ประจำ!N106 -> 0
B72: เงินประจำตำแหน่ง/เท่าตำแหน่ง | D72: =ลจ.ประจำ!F106 -> 0 | G72: ประกันสังคม | H72: =พนักงาน!O11 -> 0
B73: เงินเพิ่มพิเศษไม่ทำเวชปฏิบัติ | D73: =ลจ.ประจำ!G106 -> 0 | G73: สหกรณ์ | H73: =พนักงาน!P74 -> 0
B74: ค่าตอบแทน พตส. | D74: =ลจ.ประจำ!H106 -> 0 | G74: ฌาปณกิจสงเคราะห์ | H74: =พนักงาน!Q74 -> 0
B75: ค่าตอบแทน ฉ.11 ต.ค.68 | D75: =พนักงาน!I11 -> 0 | G75: ออมสิน | H75: =ลจ.ประจำ!R106 -> 0
B76: ค่าตอบแทนนอกเวลาราชการ | D76: =พนักงาน!J11 -> 0 | G76: กรุงไทย | H76: =ข้าราชการ!AB151 -> 0
B77: ตกเบิกเงินเดือน | D77: 0 | G77: ไฟฟ้า | H77: =ลจ.ประจำ!T106 -> 0
B78: ค่าการศึกษาบุตร | D78: =ลจ.ประจำ!L106 -> 0 | G78: ประปา | H78: =ลจ.ประจำ!U106 -> 0
B79: ค่ารักษาพยาบาล | D79: =ลจ.ประจำ!M106 -> 0
B80: รวมรับ | D80: =SUM(D71:D79) -> 0 | G80: รวมจ่าย | H80: =SUM(H71:H79) -> 0
C81: คงเหลือสุทธิ | D81: =D80-H80 -> 0 | F81: บาท
C82: ="("&BAHTTEXT(D81)&")" -> (ศูนย์บาทถ้วน)
A87: (นางสาวพนิดา พลนงค์)
A88: นักจัดการงานทั่วไปปฏิบัติการ

Sheet พกส.1
A1: =ขร1!A1 -> โรงพยาบาลสามโคก ประจำเดือน พฤศจิกายน 2568 | J1: =รว!A1 -> โรงพยาบาลสามโคก ประจำเดือน พฤศจิกายน 2568
A2: ชื่อ นางสาวจรัสศรี แสนศรี ตำแหน่ง พนักงานธุรการ | J2: ชื่อ นางสาววินา จันสด ตำแหน่ง ผู้ช่วยทันตแพทย์
B4: รายรับ | G4: รายจ่าย | K4: รายรับ | P4: รายจ่าย
B5: เงินเดือน | D5: =พกส.!E8 -> 10 | G5: ประกันสังคม | H5: =พกส.!N8 -> 1 | K5: เงินเดือน | M5: =พกส.!E22 -> 0 | P5: ประกันสังคม | Q5: =พกส.!N22 -> 0
B6: เงินประจำตำแหน่ง/เท่าตำแหน่ง | D6: 0 | G6: สหกรณ์ | H6: =พกส.!O8 -> 1 | K6: เงินประจำตำแหน่ง/เท่าตำแหน่ง | M6: 0 | P6: สหกรณ์ | Q6: 1500
B7: เงินเพิ่มพิเศษไม่ทำเวชปฏิบัติ | D7: 0 | G7: ฌาปณกิจสงเคราะห์ | H7: =พกส.!P8 -> 0 | K7: เงินเพิ่มพิเศษไม่ทำเวชปฏิบัติ | M7: 0 | P7: ฌาปณกิจสงเคราะห์ | Q7: 0
B8: ค่าตอบแทน พตส. | D8: 0 | G8: ออมสิน | H8: =พกส.!Q8 -> 0 | K8: ค่าตอบแทน พตส. | M8: 0 | P8: ออมสิน | Q8: 0
B9: ค่าตอบแทน ฉ.11 ต.ค.68 | D9: =พกส.!I8 -> 0 | G9: กสล.พกส. | H9: =พกส.!R8 -> 1 | K9: ค่าตอบแทน ฉ.11 ต.ค.68 | M9: =พกส.!I22 -> 0 | P9: กสล.พกส. | Q9: =พกส.!R22 -> 0
B10: ค่าตอบแทนนอกเวลาราชการ ต.ค.68 | D10: =พกส.!J8 -> 0 | G10: กรุงไทย | H10: =ข้าราชการ!S117 -> 0 | K10: ค่าตอบแทนนอกเวลาราชการ | M10: =พกส.!J22 -> 0 | P10: กรุงไทย | Q10: =ข้าราชการ!AB117 -> 0
B11: ตกเบิกเงินเดือน ต.ค.68 | D11: =พกส.!L8 -> 3 | G11: กยศ. | H11: =ข้าราชการ!S118 -> 0 | K11: ตกเบิกเงินเดือน ต.ค.68 | M11: =พกส.!L22 -> 0 | P11: กยศ. | Q11: =ข้าราชการ!AC117 -> 0
B12: ค่าการศึกษาบุตร | D12: 0 | G12: ไฟฟ้า | H12: =พกส.!U8 -> 0 | K12: เงินเดือนรายวัน | M12: 0 | P12: ไฟฟ้า | Q12: =ข้าราชการ!AC118 -> 0
B13: ค่ารักษาพยาบาล | D13: 0 | G13: ประปา | H13: =พกส.!V8 -> 0 | K13: ค่ารักษาพยาบาล | M13: 0 | P13: ประปา
B14: รวมรายรับ | D14: =SUM(D5:D13) -> 13 | G14: รวมรายจ่าย | H14: =SUM(H5:H13) -> 3 | K14: รวมรับ | M14: =SUM(M5:M13) -> 0 | P14: รวมจ่าย | Q14: =SUM(Q5:Q13) -> 1500
C15: คงเหลือสุทธิ | D15: =D14-H14 -> 10 | F15: บาท | L15: คงเหลือสุทธิ | M15: =M14-Q14 -> -1500 | O15: บาท
C16: ="("&BAHTTEXT(D15)&")" -> (สิบบาทถ้วน) | L16: ="("&BAHTTEXT(M15)&")" -> (ลบหนึ่งพันห้าร้อยบาทถ้วน)
A21: (นางสาวพนิดา พลนงค์) | J21: (นางสาวพนิดา พลนงค์)
A22: นักจัดการงานทั่วไปปฏิบัติการ | J22: นักจัดการงานทั่วไปปฏิบัติการ
A23: =พกส.1!A1 -> โรงพยาบาลสามโคก ประจำเดือน พฤศจิกายน 2568 | J23: =A1 -> โรงพยาบาลสามโคก ประจำเดือน พฤศจิกายน 2568
A24: ชื่อ นางสาวเบญจวรรณ สุขชูศรี ตำแหน่ง พนักงานช่วยเหลือคนไข้ | J24: ชื่อ นางสาวศศิกร ไตลังคะ ตำแหน่ง พนักงานช่วยเหลือคนไข้
B26: รายรับ | G26: รายจ่าย | K26: รายรับ | P26: รายจ่าย
B27: เงินเดือน | D27: =พกส.!E9 -> 10 | G27: ประกันสังคม | H27: =พกส.!N9 -> 0 | K27: เงินเดือน | M27: =พกส.!E23 -> 0 | P27: ประกันสังคม | Q27: =พกส.!N23 -> 0
B28: เงินประจำตำแหน่ง/เท่าตำแหน่ง | D28: 0 | G28: สหกรณ์ | H28: 0 | K28: เงินประจำตำแหน่ง/เท่าตำแหน่ง | M28: 0 | P28: สหกรณ์ | Q28: =พกส.!O23 -> 0
B29: เงินเพิ่มพิเศษไม่ทำเวชปฏิบัติ | D29: 0 | G29: ฌาปณกิจสงเคราะห์ | H29: =พกส.!P9 -> 1 | K29: เงินเพิ่มพิเศษไม่ทำเวชปฏิบัติ | M29: 0 | P29: ฌาปณกิจสงเคราะห์ | Q29: =พกส.!P23 -> 0
B30: ค่าตอบแทน พตส. | D30: 0 | G30: ออมสิน | H30: 0 | K30: ค่าตอบแทน พตส. | M30: 0 | P30: ออมสิน | Q30: 0
B31: ค่าตอบแทน ฉ.11 ต.ค.68 | D31: =พกส.!I9 -> 0 | G31: กสล.พกส. | H31: =พกส.!R9 -> 0 | K31: ค่าตอบแทน ฉ.11 ต.ค.68 | M31: =พกส.!I23 -> 0 | P31: กสล.พกส. | Q31: =พกส.!R23 -> 0
B32: ค่าตอบแทนนอกเวลาราชการ ต.ค.68 | D32: =พกส.!J9 -> 0 | G32: กรุงไทย | H32: 0 | K32: ค่าตอบแทนนอกเวลาราชการ ต.ค.68 | M32: =พกส.!J23 -> 0 | P32: กรุงไทย | Q32: 0
B33: ค่าตอบแทนพิเศษเต็มขั้น ต.ค.-พ.ย.68 | D33: =พกส.!K9 -> 500 | G33: กยศ. | H33: 0 | K33: ตกเบิกเงินเดือน ต.ค.68 | M33: =พกส.!L23 -> 0 | P33: กยศ. | Q33: 0
B34: ตกเบิกเงินเดือน | D34: =พกส.!L9 -> 0 | G34: ไฟฟ้า | H34: 0 | K34: เงินเดือนรายวัน | M34: 0 | P34: ไฟฟ้า | Q34: =พกส.!U23 -> 0
B35: ค่ารักษาพยาบาล | D35: =พกส.!M9 -> 0 | G35: ประปา | H35: 0 | K35: ค่ารักษาพยาบาล | M35: 0 | P35: ประปา | Q35: =พกส.!V23 -> 0
B36: รวมรายรับ | D36: =SUM(D27:D35) -> 510 | G36: รวมรายจ่าย | H36: =SUM(H27:H35) -> 1 | K36: รวมรับ | M36: =SUM(M27:M35) -> 0 | P36: รวมจ่าย | Q36: =SUM(Q27:Q35) -> 0
C37: คงเหลือสุทธิ | D37: =D36-H36 -> 509 | F37: บาท | L37: คงเหลือสุทธิ | M37: =M36-Q36 -> 0 | O37: บาท
C38: ="("&BAHTTEXT(D37)&")" -> (ห้าร้อยเก้าบาทถ้วน) | L38: ="("&BAHTTEXT(M37)&")" -> (ศูนย์บาทถ้วน)
A43: (นางสาวพนิดา พลนงค์) | J43: (นางสาวพนิดา พลนงค์)
A44: นักจัดการงานทั่วไปปฏิบัติการ | J44: นักจัดการงานทั่วไปปฏิบัติการ
A45: =A1 -> โรงพยาบาลสามโคก ประจำเดือน พฤศจิกายน 2568 | J45: =รว!A1 -> โรงพยาบาลสามโคก ประจำเดือน พฤศจิกายน 2568
A46: ชื่อ นายสัญญา แย้มดี ตำแหน่ง พนักงานช่วยเหลือคนไข้ | J46: ชื่อ นางสาวกรรณิการ์ แสงมีคุณ ตำแหน่ง พนักงานบริการ
B48: รายรับ | G48: รายจ่าย | K48: รายรับ | P48: รายจ่าย
B49: เงินเดือน | D49: =พกส.!E10 -> 10 | G49: ประกันสังคม | H49: =พกส.!N10 -> 0 | K49: เงินเดือน | M49: =พกส.!E24 -> 0 | P49: ประกันสังคม | Q49: =พกส.!N24 -> 0
B50: เงินประจำตำแหน่ง/เท่าตำแหน่ง | D50: 0 | G50: สหกรณ์ | H50: =พกส.!O10 -> 0 | K50: เงินประจำตำแหน่ง/เท่าตำแหน่ง | M50: 0 | P50: สหกรณ์ | Q50: 0
B51: เงินเพิ่มพิเศษไม่ทำเวชปฏิบัติ | D51: 0 | G51: ฌาปณกิจสงเคราะห์ | H51: =พกส.!P10 -> 0 | K51: เงินเพิ่มพิเศษไม่ทำเวชปฏิบัติ | M51: 0 | P51: ฌาปณกิจสงเคราะห์ | Q51: =พกส.!P24 -> 0
B52: ค่าตอบแทน พตส. | D52: 0 | G52: ออมสิน | H52: 0 | K52: ค่าตอบแทน พตส. | M52: 0 | P52: ออมสิน | Q52: 5800
B53: ค่าตอบแทน ฉ.11 ต.ค.68 | D53: =พกส.!I10 -> 0 | G53: กสล.พกส. | H53: =พกส.!R10 -> 0 | K53: ค่าตอบแทน ฉ.11 ต.ค.68 | M53: =พกส.!I24 -> 0 | P53: กสล.พกส. | Q53: =พกส.!R24 -> 0
B54: ค่าตอบแทนนอกเวลาราชการ ต.ค.68 | D54: =พกส.!J10 -> 0 | G54: กรุงไทย | H54: 0 | K54: ค่าตอบแทนนอกเวลาราชการ | M54: =พกส.!J24 -> 0 | P54: กรุงไทย | Q54: 0
B55: ตกเบิกเงินเดือน ต.ค.68 | D55: =พกส.!L10 -> 0 | G55: กยศ. | H55: =พกส.!T10 -> 2 | K55: ตกเบิกเงินเดือน ต.ค.68 | M55: =พกส.!L24 -> 0 | P55: กยศ. | Q55: 0
B56: ค่าการศึกษาบุตร | D56: 0 | G56: ไฟฟ้า | H56: =พกส.!U10 -> 1 | K56: ค่าการศึกษาบุตร | M56: 0 | P56: ไฟฟ้า | Q56: =พกส.!U24 -> 0
B57: ค่ารักษาพยาบาล | D57: 0 | G57: ประปา | H57: =พกส.!V10 -> 1 | K57: ค่ารักษาพยาบาล | M57: 0 | P57: ประปา | Q57: =พกส.!V24 -> 0
B58: รวมรายรับ | D58: =SUM(D49:D57) -> 10 | G58: รวมรายจ่าย | H58: =SUM(H49:H57) -> 4 | K58: รวมรับ | M58: =SUM(M49:M57) -> 0 | P58: รวมจ่าย | Q58: =SUM(Q49:Q57) -> 5800
C59: คงเหลือสุทธิ | D59: =D58-H58 -> 6 | F59: บาท | L59: คงเหลือสุทธิ | M59: =M58-Q58 -> -5800 | O59: บาท
C60: ="("&BAHTTEXT(D59)&")" -> (หกบาทถ้วน) | L60: ="("&BAHTTEXT(M59)&")" -> (ลบห้าพันแปดร้อยบาทถ้วน)
A65: (นางสาวพนิดา พลนงค์) | J65: (นางสาวพนิดา พลนงค์)
A66: นักจัดการงานทั่วไปปฏิบัติการ | J66: นักจัดการงานทั่วไปปฏิบัติการ
A67: =A1 -> โรงพยาบาลสามโคก ประจำเดือน พฤศจิกายน 2568 | J67: =พกส.1!A221 -> โรงพยาบาลสามโคก ประจำเดือน พฤศจิกายน 2568
A68: ชื่อ นางสาววันวิลัย เวฬุวนารักษ์ ตำแหน่ง ผู้ช่วยทันตแพทย์ | J68: ชื่อ นายปรีดา การเก่ง ตำแหน่ง พนักงานช่วยเหลือคนไข้
B70: รายรับ | G70: รายจ่าย | K70: รายรับ | P70: รายจ่าย
B71: เงินเดือน | D71: =พกส.!E11 -> 0 | G71: ประกันสังคม | H71: =พกส.!N11 -> 0 | K71: เงินเดือน | M71: =พกส.!E27 -> 0 | P71: ประกันสังคม | Q71: =พกส.!N27 -> 0
B72: เงินประจำตำแหน่ง/เท่าตำแหน่ง | D72: 0 | G72: สหกรณ์ | H72: 0 | K72: เงินประจำตำแหน่ง/เท่าตำแหน่ง | M72: 0 | P72: สหกรณ์ | Q72: =พกส.!O27 -> 0
B73: เงินเพิ่มพิเศษไม่ทำเวชปฏิบัติ | D73: 0 | G73: ฌาปณกิจสงเคราะห์ | H73: 0 | K73: เงินเพิ่มพิเศษไม่ทำเวชปฏิบัติ | M73: 0 | P73: ฌาปณกิจสงเคราะห์ | Q73: 0
B74: ค่าตอบแทน พตส. | D74: 0 | G74: ออมสิน | H74: 0 | K74: ค่าตอบแทน พตส. | M74: 0 | P74: ออมสิน | Q74: =พกส.!Q27 -> 0
B75: ค่าตอบแทน ฉ.11 ต.ค.68 | D75: =พกส.!I11 -> 0 | G75: กสล.พกส. | H75: =พกส.!R11 -> 0 | K75: ค่าตอบแทน ฉ.11 ต.ค.68 | M75: =พกส.!I27 -> 0 | P75: กสล.พกส. | Q75: =พกส.!R27 -> 0
B76: ค่าตอบแทนนอกเวลาราชการ | D76: =พกส.!J11 -> 0 | G76: กรุงไทย | H76: 0 | K76: ค่าตอบแทนนอกเวลาราชการ ต.ค.68 | M76: =พกส.!J27 -> 0 | P76: กรุงไทย | Q76: 0
B77: ตกเบิกเงินเดือน ต.ค.68 | D77: =พกส.!L11 -> 0 | G77: กยศ. | H77: 0 | K77: ตกเบิกเงินเดือน ต.ค.68 | M77: =พกส.!L27 -> 0 | P77: กยศ. | Q77: 416
B78: ค่าการศึกษาบุตร | D78: 0 | G78: ไฟฟ้า | H78: 0 | K78: ค่าการศึกษาบุตร | M78: 0 | P78: ไฟฟ้า | Q78: =พกส.!V27 -> 0
B79: ค่ารักษาพยาบาล | D79: 0 | G79: ประปา | H79: =พกส.!V11 -> 0 | K79: ค่ารักษาพยาบาล | M79: 0 | P79: ประปา
B80: รวมรายรับ | D80: =SUM(D71:D79) -> 0 | G80: รวมรายจ่าย | H80: =SUM(H71:H79) -> 0 | K80: รวมรายรับ | M80: =SUM(M71:M79) -> 0 | P80: รวมรายจ่าย | Q80: =SUM(Q71:Q79) -> 416
C81: คงเหลือสุทธิ | D81: =D80-H80 -> 0 | F81: บาท | L81: คงเหลือสุทธิ | M81: =M80-Q80 -> -416 | O81: บาท
C82: ="("&BAHTTEXT(D81)&")" -> (ศูนย์บาทถ้วน) | L82: ="("&BAHTTEXT(M81)&")" -> (ลบสี่ร้อยสิบหกบาทถ้วน)
A87: (นางสาวพนิดา พลนงค์) | J87: (นางสาวพนิดา พลนงค์)
A88: นักจัดการงานทั่วไปปฏิบัติการ | J88: นักจัดการงานทั่วไปปฏิบัติการ
A89: =พกส.1!A221 -> โรงพยาบาลสามโคก ประจำเดือน พฤศจิกายน 2568 | J89: =พกส.1!A221 -> โรงพยาบาลสามโคก ประจำเดือน พฤศจิกายน 2568
A90: ชื่อ นางสาวเรณุกา อุบลพงษ์ ตำแหน่ง นักจัดการงานทั่วไป | J90: ชื่อ นางสาวอรชนกพร อินทรขลิบ ตำแหน่ง พนักงานช่วยเหลือคนไข้
B92: รายรับ | G92: รายจ่าย | K92: รายรับ | P92: รายจ่าย
B93: เงินเดือน | D93: =พกส.!E12 -> 0 | G93: ประกันสังคม | H93: =พกส.!N12 -> 0 | K93: เงินเดือน | M93: =พกส.!E28 -> 0 | P93: ประกันสังคม | Q93: =พกส.!N28 -> 0
B94: เงินประจำตำแหน่ง/เท่าตำแหน่ง | D94: 0 | G94: สหกรณ์ | H94: 0 | K94: เงินประจำตำแหน่ง/เท่าตำแหน่ง | M94: 0 | P94: สหกรณ์ | Q94: 0
B95: เงินเพิ่มพิเศษไม่ทำเวชปฏิบัติ | D95: 0 | G95: ฌาปณกิจสงเคราะห์ | H95: =พกส.!P12 -> 0 | K95: เงินเพิ่มพิเศษไม่ทำเวชปฏิบัติ | M95: 0 | P95: ฌาปณกิจสงเคราะห์ | Q95: 0
B96: ค่าตอบแทน พตส. | D96: 0 | G96: ออมสิน | H96: 0 | K96: ค่าตอบแทน พตส. | M96: 0 | P96: ออมสิน | Q96: =พกส.!Q28 -> 0
B97: ค่าตอบแทน ฉ.11 ต.ค.68 | D97: =พกส.!I12 -> 0 | G97: กสล.พกส. | H97: =พกส.!R12 -> 0 | K97: ค่าตอบแทน ฉ.11 ต.ค.68 | M97: =พกส.!I28 -> 0 | P97: กสล.พกส. | Q97: 0
B98: ค่าตอบแทนนอกเวลาราชการ | D98: 0 | G98: กรุงไทย | H98: 0 | K98: ค่าตอบแทนนอกเวลาราชการ ต.ค.68 | M98: =พกส.!J28 -> 0 | P98: กรุงไทย | Q98: =พกส.!R28 -> 0
B99: ตกเบิกเงินเดือน ต.ค.68 | D99: =พกส.!L12 -> 0 | G99: กยศ. | H99: 0 | K99: ตกเบิกเงินเดือน ต.ค.68 | M99: =พกส.!L28 -> 0 | P99: กยศ. | Q99: =พกส.!T28 -> 0
B100: ค่าการศึกษาบุตร | D100: 0 | G100: ไฟฟ้า | H100: 0 | K100: ค่าการศึกษาบุตร | M100: 0 | P100: ไฟฟ้า | Q100: =พกส.!V28 -> 0
B101: ค่ารักษาพยาบาล | D101: 0 | G101: ประปา | H101: 0 | K101: ค่ารักษาพยาบาล | M101: 0 | P101: ประปา | Q101: 0
B102: รวมรายรับ | D102: =SUM(D93:D101) -> 0 | G102: รวมรายจ่าย | H102: =SUM(H93:H101) -> 0 | K102: รวมรายรับ | M102: =SUM(M93:M101) -> 0 | P102: รวมรายจ่าย | Q102: =SUM(Q93:Q101) -> 0
C103: คงเหลือสุทธิ | D103: =D102-H102 -> 0 | F103: บาท | L103: คงเหลือสุทธิ | M103: =M102-Q102 -> 0 | O103: บาท
C104: ="("&BAHTTEXT(D103)&")" -> (ศูนย์บาทถ้วน) | L104: ="("&BAHTTEXT(M103)&")" -> (ศูนย์บาทถ้วน)
A109: (นางสาวพนิดา พลนงค์) | J109: (นางสาวพนิดา พลนงค์)
A110: นักจัดการงานทั่วไปปฏิบัติการ | J110: นักจัดการงานทั่วไปปฏิบัติการ
A111: =ขร1!A1 -> โรงพยาบาลสามโคก ประจำเดือน พฤศจิกายน 2568 | J111: =พกส.1!A89 -> โรงพยาบาลสามโคก ประจำเดือน พฤศจิกายน 2568
A112: ชื่อ นางสาวอมรรัตน์ บุตรเรือง ตำแหน่ง นักวิชาการเงินและบัญชี | J112: ชื่อ นางสาวอรญา แก้วตา ตำแหน่ง นักวิชาการสาธารณสุข
B114: รายรับ | G114: รายจ่าย | K114: รายรับ | P114: รายจ่าย
B115: เงินเดือน | D115: =พกส.!E13 -> 0 | G115: ประกันสังคม | H115: =พกส.!N13 -> 0 | K115: เงินเดือน | M115: =พกส.!E29 -> 0 | P115: ประกันสังคม | Q115: =พกส.!N29 -> 0
B116: เงินประจำตำแหน่ง/เท่าตำแหน่ง | D116: 0 | G116: สหกรณ์ | H116: =พกส.!O13 -> 0 | K116: เงินประจำตำแหน่ง/เท่าตำแหน่ง | M116: 0 | P116: สหกรณ์ | Q116: =พกส.!O29 -> 0
B117: เงินเพิ่มพิเศษไม่ทำเวชปฏิบัติ | D117: 0 | G117: ฌาปณกิจสงเคราะห์ | H117: =พกส.!P13 -> 0 | K117: เงินเพิ่มพิเศษไม่ทำเวชปฏิบัติ | M117: 0 | P117: ฌาปณกิจสงเคราะห์ | Q117: 0
B118: ค่าตอบแทน พตส. | D118: 0 | G118: ออมสิน | H118: 0 | K118: ค่าตอบแทน พตส. | M118: 0 | P118: ออมสิน | Q118: =พกส.!Q29 -> 0
B119: ค่าตอบแทน ฉ.11 ต.ค.68 | D119: =พกส.!I13 -> 0 | G119: กสล.พกส. | H119: =พกส.!R13 -> 0 | K119: ค่าตอบแทน ฉ.11 | M119: =พกส.!I29 -> 0 | P119: กสล.พกส. | Q119: 0
B120: ค่าตอบแทนนอกเวลาราชการ ต.ค.68 | D120: =พกส.!J13 -> 0 | G120: กรุงไทย | H120: =พกส.!S13 -> 0 | K120: ค่าตอบแทนนอกเวลาราชการ | M120: =พกส.!J29 -> 0 | P120: กรุงไทย | Q120: =พกส.!R29 -> 0
B121: ตกเบิกเงินเดือน ต.ค.68 | D121: =พกส.!L13 -> 0 | G121: กยศ. | H121: 0 | K121: ตกเบิกเงินเดือน ต.ค.68 | M121: =พกส.!L29 -> 0 | P121: กยศ. | Q121: =พกส.!T29 -> 0
B122: ค่าการศึกษาบุตร | D122: 0 | G122: ไฟฟ้า | H122: =พกส.!U13 -> 0 | K122: ค่าการศึกษาบุตร | M122: 0 | P122: ไฟฟ้า | Q122: =พกส.!V29 -> 0
B123: ค่ารักษาพยาบาล | D123: 0 | G123: ประปา | H123: =พกส.!V13 -> 0 | K123: ค่ารักษาพยาบาล | M123: 0 | P123: ประปา
B124: รวมรายรับ | D124: =SUM(D115:D123) -> 0 | G124: รวมรายจ่าย | H124: =SUM(H115:H123) -> 0 | K124: รวมรายรับ | M124: =SUM(M115:M123) -> 0 | P124: รวมรายจ่าย | Q124: =SUM(Q115:Q123) -> 0
C125: คงเหลือสุทธิ | D125: =D124-H124 -> 0 | F125: บาท | L125: คงเหลือสุทธิ | M125: =M124-Q124 -> 0 | O125: บาท
C126: ="("&BAHTTEXT(D125)&")" -> (ศูนย์บาทถ้วน) | L126: ="("&BAHTTEXT(M125)&")" -> (ศูนย์บาทถ้วน)
...

Sheet พกส.1 (2)
A1: =ขร1!A1 -> โรงพยาบาลสามโคก ประจำเดือน พฤศจิกายน 2568
A2: ชื่อ นายอัฐพล วงค์คำดี ตำแหน่ง พนักงานขับรถยนต์
B4: รายรับ | G4: รายจ่าย
B5: เงินเดือน | D5: =พกส.!E38 -> 0 | G5: ประกันสังคม | H5: =พกส.!N38 -> 0
B6: เงินประจำตำแหน่ง/เท่าตำแหน่ง | D6: 0 | G6: สหกรณ์ | H6: 0
B7: เงินเพิ่มพิเศษไม่ทำเวชปฏิบัติ | D7: 0 | G7: ฌาปณกิจสงเคราะห์ | H7: 0
B8: ค่าตอบแทน พตส. | D8: 0 | G8: ออมสิน | H8: 0
B9: ค่าตอบแทน ฉ.11 ต.ค.68 | D9: =พกส.!I38 -> 0 | G9: กสล.พกส. | H9: =พกส.!Q8 -> 0
B10: ค่าตอบแทนนอกเวลาราชการ ต.ค.68 | D10: =พกส.!J38 -> 0 | G10: กรุงไทย | H10: 0
B11: ตกเบิกเงินเดือน | D11: 0 | G11: กยศ. | H11: =พกส.!T38 -> 0
B12: ค่าการศึกษาบุตร | D12: 0 | G12: ไฟฟ้า | H12: =พกส.!U38 -> 0
B13: ค่ารักษาพยาบาล | D13: 0 | G13: ประปา | H13: =พกส.!V38 -> 0
B14: รวมรายรับ | D14: =SUM(D5:D13) -> 0 | G14: รวมรายจ่าย | H14: =SUM(H5:H13) -> 0
C15: คงเหลือสุทธิ | D15: =D14-H14 -> 0 | F15: บาท
C16: ="("&BAHTTEXT(D15)&")" -> (ศูนย์บาทถ้วน)
A21: (นางสาวพนิดา พลนงค์)
A22: นักจัดการงานทั่วไปปฏิบัติการ
A23: =ขร1!A23 -> โรงพยาบาลสามโคก ประจำเดือน พฤศจิกายน 2568
A24: ชื่อ นางสาววรรณวิสา ธนะจักร์ ตำแหน่ง พนักงานช่วยเหลือคนไข้
B26: รายรับ | G26: รายจ่าย
B27: เงินเดือน | D27: =พกส.!E39 -> 0 | G27: ประกันสังคม | H27: =พกส.!N39 -> 0
B28: เงินประจำตำแหน่ง/เท่าตำแหน่ง | D28: 0 | G28: สหกรณ์ | H28: 0
B29: เงินเพิ่มพิเศษไม่ทำเวชปฏิบัติ | D29: 0 | G29: ฌาปณกิจสงเคราะห์ | H29: 0
B30: ค่าตอบแทน พตส. | D30: 0 | G30: ออมสิน | H30: 0
B31: ค่าตอบแทน ฉ.11 ต.ค.68 | D31: =พกส.!I39 -> 0 | G31: กสล.พกส. | H31: =พกส.!Q30 -> 0
B32: ค่าตอบแทนนอกเวลาราชการ ต.ค.68 | D32: =พกส.!J39 -> 0 | G32: กรุงไทย | H32: 0
B33: ตกเบิกเงินเดือน | D33: 0 | G33: กยศ. | H33: =พกส.!T60 -> 0
B34: ค่าการศึกษาบุตร | D34: 0 | G34: ไฟฟ้า | H34: =พกส.!U39 -> 0
B35: ค่ารักษาพยาบาล | D35: 0 | G35: ประปา | H35: =พกส.!V39 -> 0
B36: รวมรายรับ | D36: =SUM(D27:D35) -> 0 | G36: รวมรายจ่าย | H36: =SUM(H27:H35) -> 0
C37: คงเหลือสุทธิ | D37: =D36-H36 -> 0 | F37: บาท
C38: ="("&BAHTTEXT(D37)&")" -> (ศูนย์บาทถ้วน)
A43: (นางสาวพนิดา พลนงค์)
A44: นักจัดการงานทั่วไปปฏิบัติการ
A45: =ขร1!A45 -> โรงพยาบาลสามโคก ประจำเดือน พฤศจิกายน 2568
A46: ชื่อ นางสาวศิริลักษณ์ ชมภูนุช ตำแหน่ง พนักงานช่วยเหลือคนไข้
B48: รายรับ | G48: รายจ่าย
B49: เงินเดือน | D49: =พกส.!E40 -> 0 | G49: ประกันสังคม | H49: =พกส.!N40 -> 0
B50: เงินประจำตำแหน่ง/เท่าตำแหน่ง | D50: 0 | G50: สหกรณ์ | H50: 0
B51: เงินเพิ่มพิเศษไม่ทำเวชปฏิบัติ | D51: 0 | G51: ฌาปณกิจสงเคราะห์ | H51: 0
B52: ค่าตอบแทน พตส. | D52: 0 | G52: ออมสิน | H52: 0
B53: ค่าตอบแทน ฉ.11 ต.ค.68 | D53: =พกส.!I40 -> 0 | G53: กสล.พกส. | H53: =พกส.!Q52 -> 0
B54: ค่าตอบแทนนอกเวลาราชการ ต.ค.68 | D54: =พกส.!J40 -> 0 | G54: กรุงไทย | H54: 0
B55: ตกเบิกเงินเดือน | D55: 0 | G55: กยศ. | H55: =พกส.!T82 -> 0
B56: ค่าการศึกษาบุตร | D56: 0 | G56: ไฟฟ้า | H56: =พกส.!U40 -> 0
B57: ค่ารักษาพยาบาล | D57: 0 | G57: ประปา | H57: =พกส.!V40 -> 0
B58: รวมรายรับ | D58: =SUM(D49:D57) -> 0 | G58: รวมรายจ่าย | H58: =SUM(H49:H57) -> 0
C59: คงเหลือสุทธิ | D59: =D58-H58 -> 0 | F59: บาท
C60: ="("&BAHTTEXT(D59)&")" -> (ศูนย์บาทถ้วน)
A65: (นางสาวพนิดา พลนงค์)
A66: นักจัดการงานทั่วไปปฏิบัติการ

Sheet รด.1
A1: =พกส.1!A111 -> โรงพยาบาลสามโคก ประจำเดือน พฤศจิกายน 2568
A2: ชื่อ นางสาวปพิชญา อังกีรัตน์ ตำแหน่ง นักวิชาการสาธารณสุข
B4: รายรับ | G4: รายจ่าย
B5: เงินเดือน | D5: =รายเดือน!E8 -> 0 | G5: ภาษี | H5: 0
B6: เงินประจำตำแหน่ง/เท่าตำแหน่ง | D6: 0 | G6: ประกันสังคม | H6: =รายเดือน!O8 -> 0
B7: เงินเพิ่มพิเศษไม่ทำเวชปฏิบัติ | D7: 0 | G7: สหกรณ์ | H7: 0
B8: ค่าตอบแทน พตส. | D8: 0 | G8: ฌาปณกิจสงเคราะห์ | H8: 0
B9: ค่าตอบแทน ฉ.11 | D9: =รายเดือน!I8 -> 0 | G9: ออมสิน | H9: 0
B10: ค่าตอบแทนนอกเวลาราชการ | D10: =รายเดือน!J8 -> 0 | G10: ไฟฟ้า | H10: 0
B11: ตกเบิกเงินเดือน | D11: =รายเดือน!K8 -> 0 | G11: ประปา | H11: 0
B12: ค่าการศึกษาบุตร | D12: 0
B13: ค่ารักษาพยาบาล | D13: 0
B14: รวมรายรับ | D14: =SUM(D5:D13) -> 0 | G14: รวมรายจ่าย | H14: =SUM(H5:H13) -> 0
C15: คงเหลือสุทธิ | D15: =D14-H14 -> 0 | F15: บาท
C16: ="("&BAHTTEXT(D15)&")" -> (ศูนย์บาทถ้วน)
A21: (นางสาวพนิดา พลนงค์)
A22: นักจัดการงานทั่วไปปฏิบัติการ
A23: =พนง.ราชการ!A23 -> โรงพยาบาลสามโคก ประจำเดือน พฤศจิกายน 2568
A24: ชื่อ นางสาวกัลยารัตน์ มหามนต์ ตำแหน่ง นักวิชาการสาธารณสุข
B26: รายรับ | G26: รายจ่าย
B27: เงินเดือน | D27: =รายเดือน!E9 -> 0 | G27: ภาษี | H27: 0
B28: เงินประจำตำแหน่ง/เท่าตำแหน่ง | D28: 0 | G28: ประกันสังคม | H28: =รายเดือน!O9 -> 0
B29: เงินเพิ่มพิเศษไม่ทำเวชปฏิบัติ | D29: 0 | G29: สหกรณ์ | H29: 0
B30: ค่าตอบแทน พตส. | D30: =รายเดือน!H9 -> 0 | G30: ฌาปณกิจสงเคราะห์ | H30: 0
B31: ค่าตอบแทน ฉ.11 | D31: =รายเดือน!I9 -> 0 | G31: ออมสิน | H31: 0
B32: ค่าตอบแทนนอกเวลาราชการ | D32: =รายเดือน!J9 -> 0 | G32: กยศ. | H32: =รายเดือน!S9 -> 0
B33: ตกเบิกเงินเดือน | D33: =รายเดือน!K11 -> 0 | G33: ไฟฟ้า | H33: =รายเดือน!T9 -> 0
B34: ค่าการศึกษาบุตร | D34: 0 | G34: ประปา | H34: =รายเดือน!U9 -> 0
B35: ค่ารักษาพยาบาล | D35: 0
B36: รวมรายรับ | D36: =SUM(D27:D35) -> 0 | G36: รวมรายจ่าย | H36: =SUM(H27:H35) -> 0
C37: คงเหลือสุทธิ | D37: =D36-H36 -> 0 | F37: บาท
C38: ="("&BAHTTEXT(D37)&")" -> (ศูนย์บาทถ้วน)
A43: (นางสาวพนิดา พลนงค์)
A44: นักจัดการงานทั่วไปปฏิบัติการ
A45: =A1 -> โรงพยาบาลสามโคก ประจำเดือน พฤศจิกายน 2568
A46: ชื่อ นางสาววศิกา เจริญวุฒิกุล ตำแหน่ง แพทย์แผนไทย
B48: รายรับ | G48: รายจ่าย
B49: เงินเดือน | D49: =รายเดือน!E10 -> 0 | G49: ภาษี | H49: 0
B50: เงินประจำตำแหน่ง/เท่าตำแหน่ง | D50: 0 | G50: ประกันสังคม | H50: =รายเดือน!O10 -> 0
B51: เงินเพิ่มพิเศษไม่ทำเวชปฏิบัติ | D51: 0 | G51: สหกรณ์ | H51: 0
B52: ค่าตอบแทน พตส. | D52: =รายเดือน!H10 -> 0 | G52: ฌาปณกิจสงเคราะห์ | H52: 0
B53: ค่าตอบแทน ฉ.11 | D53: =รายเดือน!I10 -> 0 | G53: ออมสิน | H53: 0
B54: ค่าตอบแทนนอกเวลาราชการ ต.ค.68 | D54: =รายเดือน!J10 -> 0 | G54: กยศ. | H54: =รายเดือน!S10 -> 0
B55: ตกเบิกเงินเดือน | D55: =รายเดือน!K10 -> 0 | G55: ไฟฟ้า | H55: =รายเดือน!T10 -> 0
B56: ค่าการศึกษาบุตร | D56: 0 | G56: ประปา | H56: =รายเดือน!U10 -> 0
B57: ค่ารักษาพยาบาล | D57: 0
B58: รวมรายรับ | D58: =SUM(D49:D57) -> 0 | G58: รวมรายจ่าย | H58: =SUM(H49:H57) -> 0
C59: คงเหลือสุทธิ | D59: =D58-H58 -> 0 | F59: บาท
C60: ="("&BAHTTEXT(D59)&")" -> (ศูนย์บาทถ้วน)
A65: (นางสาวพนิดา พลนงค์)
A66: นักจัดการงานทั่วไปปฏิบัติการ
A67: =A1 -> โรงพยาบาลสามโคก ประจำเดือน พฤศจิกายน 2568
A68: ชื่อ นางสาวสุชาวดี อินกว่าง ตำแหน่ง พยาบาลวิชาชีพ
B70: รายรับ | G70: รายจ่าย
B71: เงินเดือน | D71: =รายเดือน!E11 -> 0 | G71: ภาษี | H71: 0
B72: เงินประจำตำแหน่ง/เท่าตำแหน่ง | D72: 0 | G72: ประกันสังคม | H72: =รายเดือน!O11 -> 0
B73: เงินเพิ่มพิเศษไม่ทำเวชปฏิบัติ | D73: 0 | G73: สหกรณ์ | H73: 0
B74: ค่าตอบแทน พตส. พ.ย.68 | D74: =รายเดือน!H11 -> 0 | G74: ฌาปณกิจสงเคราะห์ | H74: 0
B75: ค่าตอบแทน ฉ.11 | D75: =รายเดือน!I11 -> 0 | G75: กยศ. | H75: =รายเดือน!S11 -> 0
B76: ค่าตอบแทนนอกเวลาราชการ ต.ค.68 | D76: =รายเดือน!J11 -> 0 | G76: ไฟฟ้า | H76: =รายเดือน!T11 -> 0
B77: ตกเบิกเงินเดือน | D77: =รายเดือน!K11 -> 0 | G77: ประปา | H77: =รายเดือน!U11 -> 0
B78: ค่าการศึกษาบุตร | D78: 0
B79: ค่ารักษาพยาบาล | D79: 0
B80: รวมรายรับ | D80: =SUM(D71:D79) -> 0 | G80: รวมรายจ่าย | H80: =SUM(H71:H79) -> 0
C81: คงเหลือสุทธิ | D81: =D80-H80 -> 0 | F81: บาท
C82: ="("&BAHTTEXT(D81)&")" -> (ศูนย์บาทถ้วน)
A87: (นางสาวพนิดา พลนงค์)
A88: นักจัดการงานทั่วไปปฏิบัติการ
A89: =A23 -> โรงพยาบาลสามโคก ประจำเดือน พฤศจิกายน 2568
A90: ชื่อ นางสาวสุภาดา อนันตะภูมิ ตำแหน่ง พยาบาลวิชาชีพ
B92: รายรับ | G92: รายจ่าย
B93: เงินเดือน | D93: =รายเดือน!E12 -> 0 | G93: ภาษี | H93: 0
B94: เงินประจำตำแหน่ง/เท่าตำแหน่ง | D94: 0 | G94: ประกันสังคม | H94: =รายเดือน!O12 -> 0
B95: เงินเพิ่มพิเศษไม่ทำเวชปฏิบัติ | D95: 0 | G95: สหกรณ์ | H95: 0
B96: ค่าตอบแทน พตส. พ.ย.68 | D96: =รายเดือน!H12 -> 0 | G96: ฌาปณกิจสงเคราะห์ | H96: 0
B97: ค่าตอบแทน ฉ.11 | D97: =รายเดือน!I12 -> 0 | G97: กยศ. | H97: =รายเดือน!S12 -> 0
B98: ค่าตอบแทนนอกเวลาราชการ ต.ค.68 | D98: =รายเดือน!J12 -> 0 | G98: ไฟฟ้า | H98: =รายเดือน!T12 -> 0
B99: ตกเบิกเงินเดือน | D99: =รายเดือน!K98 -> 0 | G99: ประปา | H99: =รายเดือน!U12 -> 0
B100: ค่าการศึกษาบุตร | D100: 0
B101: ค่ารักษาพยาบาล | D101: 0
B102: รวมรายรับ | D102: =SUM(D93:D101) -> 0 | G102: รวมรายจ่าย | H102: =SUM(H93:H101) -> 0
C103: คงเหลือสุทธิ | D103: =D102-H102 -> 0 | F103: บาท
C104: ="("&BAHTTEXT(D103)&")" -> (ศูนย์บาทถ้วน)
A109: (นางสาวพนิดา พลนงค์)
A110: นักจัดการงานทั่วไปปฏิบัติการ
A111: =A45 -> โรงพยาบาลสามโคก ประจำเดือน พฤศจิกายน 2568
A112: ชื่อ นางสาวสุพัตรา พรมชาติ ตำแหน่ง พยาบาลวิชาชีพ
B114: รายรับ | G114: รายจ่าย
B115: เงินเดือน | D115: =รายเดือน!E13 -> 0 | G115: ภาษี | H115: 0
B116: เงินประจำตำแหน่ง/เท่าตำแหน่ง | D116: 0 | G116: ประกันสังคม | H116: =รายเดือน!O13 -> 0
B117: เงินเพิ่มพิเศษไม่ทำเวชปฏิบัติ | D117: 0 | G117: สหกรณ์ | H117: 0
B118: ค่าตอบแทน พตส. พ.ย.68 | D118: =รายเดือน!H13 -> 0 | G118: ฌาปณกิจสงเคราะห์ | H118: 0
B119: ค่าตอบแทน ฉ.11 | D119: =รายเดือน!I34 -> 0 | G119: กยศ. | H119: =รายเดือน!S34 -> 0
B120: ค่าตอบแทนนอกเวลาราชการ | D120: =รายเดือน!J34 -> 0 | G120: ไฟฟ้า | H120: =รายเดือน!T34 -> 0
B121: ตกเบิกเงินเดือน | D121: =รายเดือน!K120 -> 0 | G121: ประปา | H121: =รายเดือน!U34 -> 0
B122: ค่าการศึกษาบุตร | D122: 0
B123: ค่ารักษาพยาบาล | D123: 0
B124: รวมรายรับ | D124: =SUM(D115:D123) -> 0 | G124: รวมรายจ่าย | H124: =SUM(H115:H123) -> 0
C125: คงเหลือสุทธิ | D125: =D124-H124 -> 0 | F125: บาท
C126: ="("&BAHTTEXT(D125)&")" -> (ศูนย์บาทถ้วน)
...

Sheet รว
A1: =ขร1!A1:I1 -> โรงพยาบาลสามโคก ประจำเดือน พฤศจิกายน 2568 | J1: =รว!A23 -> โรงพยาบาลสามโคก ประจำเดือน พฤศจิกายน 2568
A2: ชื่อ นางประเสริฐศรี พวงผกา ตำแหน่ง พนักงานซักฟอก | J2: ชื่อ นางสาวสุนารี เกิดทวี ตำแหน่ง เจ้าพนักงานการเงินและบัญชี
B4: รายรับ | G4: รายจ่าย | K4: รายรับ | P4: รายจ่าย
B5: เงินเดือน | D5: =รายวัน!E8 -> 0 | G5: ภาษี | H5: 0 | K5: เงินเดือน | M5: =รายวัน!E20 -> 0 | P5: ภาษี | Q5: 0
B6: เงินประจำตำแหน่ง/เท่าตำแหน่ง | D6: 0 | G6: ประกันสังคม | H6: =รายวัน!O8 -> 0 | K6: เงินประจำตำแหน่ง/เท่าตำแหน่ง | M6: 0 | P6: ประกันสังคม | Q6: =รายวัน!O20 -> 0
B7: เงินเพิ่มพิเศษไม่ทำเวชปฏิบัติ | D7: 0 | G7: สหกรณ์ | H7: 0 | K7: เงินเพิ่มพิเศษไม่ทำเวชปฏิบัติ | M7: 0 | P7: สหกรณ์ | Q7: 0
B8: ค่าตอบแทน พตส. | D8: 0 | G8: ฌาปณกิจสงเคราะห์ | H8: 0 | K8: ค่าตอบแทน พตส. | M8: =รายวัน!H20 -> 0 | P8: ฌาปณกิจสงเคราะห์ | Q8: 0
B9: ค่าตอบแทน ฉ.11 ต.ค.68 | D9: =รายวัน!I8 -> 0 | G9: ออมสิน | H9: 0 | K9: ค่าตอบแทน ฉ.11 ต.ค.68 | M9: =รายวัน!I20 -> 0 | P9: ออมสิน | Q9: 0
B10: ค่าตอบแทนนอกเวลาราชการ ต.ค.68 | D10: =รายวัน!J8 -> 0 | G10: ไฟฟ้า | H10: 0 | K10: ค่าตอบแทนนอกเวลาราชการ ต.ค.68 | M10: =รายวัน!J20 -> 0 | P10: กรุงไทย | Q10: 0
B11: ตกเบิกเงินเดือน | D11: =รายวัน!K8 -> 0 | G11: ประปา | H11: 0 | K11: ตกเบิกเงินเดือน | M11: =รายวัน!K20 -> 0 | P11: ไฟฟ้า | Q11: 0
B12: ค่าการศึกษาบุตร | D12: 0 | K12: ค่าการศึกษาบุตร | M12: 0 | P12: ประปา | Q12: 0
B13: ค่ารักษาพยาบาล | D13: 0 | K13: ค่ารักษาพยาบาล | M13: 0
B14: รวมรายรับ | D14: =SUM(D5:D13) -> 0 | G14: รวมรายจ่าย | H14: =SUM(H5:H13) -> 0 | K14: รวมรับ | M14: =SUM(M5:M13) -> 0 | P14: รวมจ่าย | Q14: =SUM(Q5:Q13) -> 0
C15: คงเหลือสุทธิ | D15: =D14-H14 -> 0 | F15: บาท | L15: คงเหลือสุทธิ | M15: =M14-Q14 -> 0 | O15: บาท
C16: ="("&BAHTTEXT(D15)&")" -> (ศูนย์บาทถ้วน) | L16: ="("&BAHTTEXT(M15)&")" -> (ศูนย์บาทถ้วน)
A21: (นางสาวพนิดา พลนงค์) | J21: (นางสาวพนิดา พลนงค์)
A22: นักจัดการงานทั่วไปปฏิบัติการ | J22: นักจัดการงานทั่วไปปฏิบัติการ
A23: =A1 -> โรงพยาบาลสามโคก ประจำเดือน พฤศจิกายน 2568 | J23: =A67 -> โรงพยาบาลสามโคก ประจำเดือน พฤศจิกายน 2568
A24: ชื่อ นายวัชรากร สถานพงษ์ ตำแหน่ง พนักงานทั่วไป | J24: ชื่อ นายประจิตร โสภา ตำแหน่ง เจ้าพนักงานวิทยาศาสตร์การแพทย์
B26: รายรับ | G26: รายจ่าย | K26: รายรับ | P26: รายจ่าย
B27: เงินเดือน | D27: =รายวัน!E9 -> 0 | G27: ภาษี | H27: =ข้าราชการ!E401 -> 0 | K27: เงินเดือน | M27: =รายวัน!E21 -> 0 | P27: ภาษี | Q27: 0
B28: เงินประจำตำแหน่ง/เท่าตำแหน่ง | D28: 0 | G28: ประกันสังคม | H28: =รายวัน!O9 -> 0 | K28: เงินประจำตำแหน่ง/เท่าตำแหน่ง | M28: 0 | P28: ประกันสังคม | Q28: =รายวัน!O21 -> 0
B29: เงินเพิ่มพิเศษไม่ทำเวชปฏิบัติ | D29: 0 | G29: สหกรณ์ | H29: 0 | K29: เงินเพิ่มพิเศษไม่ทำเวชปฏิบัติ | M29: 0 | P29: สหกรณ์ | Q29: 0
B30: ค่าตอบแทน พตส. | D30: 0 | G30: ฌาปณกิจสงเคราะห์ | H30: 0 | K30: ค่าตอบแทน พตส. | M30: =รายวัน!H21 -> 0 | P30: ฌาปณกิจสงเคราะห์ | Q30: 0
B31: ค่าตอบแทน ฉ.11 ต.ค.68 | D31: =รายวัน!I9 -> 0 | G31: ออมสิน | H31: 0 | K31: ค่าตอบแทน ฉ.11 | M31: =รายวัน!I21 -> 0 | P31: ออมสิน | Q31: 0
B32: ค่าตอบแทนนอกเวลาราชการ ต.ค.68 | D32: =รายวัน!J9 -> 0 | G32: กรุงไทย | H32: =ข้าราชการ!J401 -> 0 | K32: ค่าตอบแทนนอกเวลาราชการ ต.ค.68 | M32: =รายวัน!J21 -> 0 | P32: กรุงไทย | Q32: 0
B33: ตกเบิกเงินเดือน | D33: =รายวัน!K9 -> 0 | G33: ไฟฟ้า | H33: =รายวัน!T9 -> 0 | K33: ตกเบิกเงินเดือน | M33: =รายวัน!K21 -> 0 | P33: ไฟฟ้า | Q33: 0
B34: ค่าการศึกษาบุตร | D34: =ข้าราชการ!C401 -> 0 | G34: ประปา | H34: =รายวัน!U9 -> 0 | K34: ค่าการศึกษาบุตร | M34: 0 | P34: ประปา | Q34: 0
B35: ค่ารักษาพยาบาล | D35: 0 | K35: ค่ารักษาพยาบาล | M35: 0
B36: รวมรับ | D36: =SUM(D27:D35) -> 0 | G36: รวมจ่าย | H36: =SUM(H27:H35) -> 0 | K36: รวมรับ | M36: =SUM(M27:M35) -> 0 | P36: รวมจ่าย | Q36: =SUM(Q27:Q35) -> 0
C37: คงเหลือสุทธิ | D37: =D36-H36 -> 0 | F37: บาท | L37: คงเหลือสุทธิ | M37: =M36-Q36 -> 0 | O37: บาท
C38: ="("&BAHTTEXT(D37)&")" -> (ศูนย์บาทถ้วน) | L38: ="("&BAHTTEXT(M37)&")" -> (ศูนย์บาทถ้วน)
A43: (นางสาวพนิดา พลนงค์) | J43: (นางสาวพนิดา พลนงค์)
A44: นักจัดการงานทั่วไปปฏิบัติการ | J44: นักจัดการงานทั่วไปปฏิบัติการ
A45: =A1 -> โรงพยาบาลสามโคก ประจำเดือน พฤศจิกายน 2568 | J45: =A1 -> โรงพยาบาลสามโคก ประจำเดือน พฤศจิกายน 2568
A46: ชื่อ นางหวาน ตรีครุธพันธ์ ตำแหน่ง แม่บ้าน | J46: ชื่อ นางสาวอัญชลี แสงทอง ตำแหน่ง แม่บ้าน
B48: รายรับ | G48: รายจ่าย | K48: รายรับ | P48: รายจ่าย
B49: เงินเดือน | D49: =รายวัน!E10 -> 7 | G49: ภาษี | H49: =ข้าราชการ!W78 -> 0 | K49: เงินเดือน | M49: =รายวัน!E22 -> 0 | P49: ภาษี | Q49: 0
B50: เงินประจำตำแหน่ง/เท่าตำแหน่ง | D50: 0 | G50: ประกันสังคม | H50: =รายวัน!O10 -> 0 | K50: เงินประจำตำแหน่ง/เท่าตำแหน่ง | M50: 0 | P50: ประกันสังคม | Q50: =รายวัน!O22 -> 0
B51: เงินเพิ่มพิเศษไม่ทำเวชปฏิบัติ | D51: 0 | G51: สหกรณ์ | H51: 0 | K51: เงินเพิ่มพิเศษไม่ทำเวชปฏิบัติ | M51: 0 | P51: สหกรณ์ | Q51: 0
B52: ค่าตอบแทน พตส. | D52: 0 | G52: ฌาปณกิจสงเคราะห์ | H52: 0 | K52: ค่าตอบแทน พตส. | M52: =รายวัน!H22 -> 0 | P52: ฌาปณกิจสงเคราะห์ | Q52: 0
B53: ค่าตอบแทน ฉ.11 ต.ค.68 | D53: =รายวัน!I10 -> 0 | G53: กยศ. | H53: =รายวัน!S10 -> 0 | K53: ค่าตอบแทน ฉ.11 ต.ค.68 | M53: =รายวัน!I22 -> 0 | P53: กยศ. | Q53: =รายวัน!S22 -> 0
B54: ค่าตอบแทนนอกเวลาราชการ ต.ค.68 | D54: =รายวัน!J10 -> 0 | G54: กรุงไทย | H54: =ข้าราชการ!AB78 -> 0 | K54: ค่าตอบแทนนอกเวลาราชการ ต.ค.68 | M54: =รายวัน!J22 -> 0 | P54: กรุงไทย | Q54: 0
B55: ตกเบิกเงินเดือน | D55: =รายวัน!K10 -> 0 | G55: ไฟฟ้า | H55: =รายวัน!T10 -> 0 | K55: ตกเบิกเงินเดือน | M55: =รายวัน!K22 -> 0 | P55: ไฟฟ้า | Q55: =รายวัน!T22 -> 0
B56: ค่าการศึกษาบุตร | D56: 0 | G56: ประปา | H56: =รายวัน!U10 -> 0 | K56: ค่าการศึกษาบุตร | M56: 0 | P56: ประปา | Q56: =รายวัน!U22 -> 0
B57: ค่ารักษาพยาบาล | D57: 0 | K57: ค่ารักษาพยาบาล | M57: 0
B58: รวมรับ | D58: =SUM(D49:D57) -> 7 | G58: รวมจ่าย | H58: =SUM(H49:H57) -> 0 | K58: รวมรับ | M58: =SUM(M49:M57) -> 0 | P58: รวมจ่าย | Q58: =SUM(Q49:Q57) -> 0
C59: คงเหลือสุทธิ | D59: =D58-H58 -> 7 | F59: บาท | L59: คงเหลือสุทธิ | M59: =M58-Q58 -> 0 | O59: บาท
C60: ="("&BAHTTEXT(D59)&")" -> (เจ็ดบาทถ้วน) | L60: ="("&BAHTTEXT(M59)&")" -> (ศูนย์บาทถ้วน)
A65: (นางสาวพนิดา พลนงค์) | J65: (นางสาวพนิดา พลนงค์)
A66: นักจัดการงานทั่วไปปฏิบัติการ | J66: นักจัดการงานทั่วไปปฏิบัติการ
A67: =A1 -> โรงพยาบาลสามโคก ประจำเดือน พฤศจิกายน 2568 | J67: =รว!A23 -> โรงพยาบาลสามโคก ประจำเดือน พฤศจิกายน 2568
A68: ชื่อ นางสาวบังอร ตรีครุธพันธ์ ตำแหน่ง แม่บ้าน | J68: ชื่อ นางสาวมนัสพร ชูอารมณ์ ตำแหน่ง พนักงานช่วยเหลือคนไข้
B70: รายรับ | G70: รายจ่าย | K70: รายรับ | P70: รายจ่าย
B71: เงินเดือน | D71: =รายวัน!E11 -> 0 | G71: ภาษี | H71: =ข้าราชการ!W100 -> 0 | K71: เงินเดือน | M71: =รายวัน!E23 -> 0 | P71: ภาษี | Q71: 0
B72: เงินประจำตำแหน่ง/เท่าตำแหน่ง | D72: 0 | G72: ประกันสังคม | H72: =รายวัน!O11 -> 0 | K72: เงินประจำตำแหน่ง/เท่าตำแหน่ง | M72: 0 | P72: ประกันสังคม | Q72: =รายวัน!O23 -> 0
B73: เงินเพิ่มพิเศษไม่ทำเวชปฏิบัติ | D73: 0 | G73: สหกรณ์ | H73: 0 | K73: เงินเพิ่มพิเศษไม่ทำเวชปฏิบัติ | M73: 0 | P73: สหกรณ์ | Q73: 0
B74: ค่าตอบแทน พตส. | D74: 0 | G74: ฌาปณกิจสงเคราะห์ | H74: 0 | K74: ค่าตอบแทน พตส. | M74: =รายวัน!H23 -> 0 | P74: ฌาปณกิจสงเคราะห์ | Q74: 0
B75: ค่าตอบแทน ฉ.11 ต.ค.68 | D75: =รายวัน!I11 -> 0 | G75: กยศ. | H75: =รายวัน!S11 -> 0 | K75: ค่าตอบแทน ฉ.11 ต.ค.68 | M75: =รายวัน!I23 -> 0 | P75: กยศ. | Q75: =รายวัน!S23 -> 0
B76: ค่าตอบแทนนอกเวลาราชการ ต.ค.68 | D76: =รายวัน!J11 -> 0 | G76: กรุงไทย | H76: =ข้าราชการ!AB100 -> 0 | K76: ค่าตอบแทนนอกเวลาราชการ ต.ค.68 | M76: =รายวัน!J23 -> 0 | P76: กรุงไทย | Q76: 0
B77: ตกเบิกเงินเดือน | D77: =รายวัน!K11 -> 0 | G77: ไฟฟ้า | H77: =ข้าราชการ!AC100 -> 0 | K77: ตกเบิกเงินเดือน | M77: =รายวัน!K24 -> 0 | P77: ไฟฟ้า | Q77: =รายวัน!T23 -> 0
B78: ค่าการศึกษาบุตร | D78: 0 | G78: ประปา | H78: =ข้าราชการ!AD100 -> 0 | K78: ค่าการศึกษาบุตร | M78: 0 | P78: ประปา | Q78: =รายวัน!U23 -> 0
B79: ค่ารักษาพยาบาล | D79: 0 | K79: ค่ารักษาพยาบาล | M79: 0
B80: รวมรับ | D80: =SUM(D71:D79) -> 0 | G80: รวมจ่าย | H80: =SUM(H71:H79) -> 0 | K80: รวมรับ | M80: =SUM(M71:M79) -> 0 | P80: รวมจ่าย | Q80: =SUM(Q71:Q79) -> 0
C81: คงเหลือสุทธิ | D81: =D80-H80 -> 0 | F81: บาท | L81: คงเหลือสุทธิ | M81: =M80-Q80 -> 0 | O81: บาท
C82: ="("&BAHTTEXT(D81)&")" -> (ศูนย์บาทถ้วน) | L82: ="("&BAHTTEXT(M81)&")" -> (ศูนย์บาทถ้วน)
A87: (นางสาวพนิดา พลนงค์) | J87: (นางสาวพนิดา พลนงค์)
A88: นักจัดการงานทั่วไปปฏิบัติการ | J88: นักจัดการงานทั่วไปปฏิบัติการ
A89: =A1 -> โรงพยาบาลสามโคก ประจำเดือน พฤศจิกายน 2568 | J89: =A1 -> โรงพยาบาลสามโคก ประจำเดือน พฤศจิกายน 2568
A90: ชื่อ นางสาววารุณี สอนมาลา ตำแหน่ง แม่บ้าน | J90: ชื่อ นางสาวบุญเสริม ศิริเมือง ตำแหน่ง แม่บ้าน
B92: รายรับ | G92: รายจ่าย | K92: รายรับ | P92: รายจ่าย
B93: เงินเดือน | D93: =รายวัน!E12 -> 0 | G93: ภาษี | H93: =ข้าราชการ!W122 -> 0 | K93: เงินเดือน | M93: =รายวัน!E24 -> 0 | P93: ภาษี | Q93: 0
B94: เงินประจำตำแหน่ง/เท่าตำแหน่ง | D94: 0 | G94: ประกันสังคม | H94: =รายวัน!O12 -> 0 | K94: เงินประจำตำแหน่ง/เท่าตำแหน่ง | M94: 0 | P94: ประกันสังคม | Q94: =รายวัน!O24 -> 0
B95: เงินเพิ่มพิเศษไม่ทำเวชปฏิบัติ | D95: 0 | G95: สหกรณ์ | H95: 0 | K95: เงินเพิ่มพิเศษไม่ทำเวชปฏิบัติ | M95: 0 | P95: สหกรณ์ | Q95: 0
B96: ค่าตอบแทน พตส. | D96: 0 | G96: ฌาปณกิจสงเคราะห์ | H96: 0 | K96: ค่าตอบแทน พตส. | M96: =รายวัน!H24 -> 0 | P96: ฌาปณกิจสงเคราะห์ | Q96: 0
B97: ค่าตอบแทน ฉ.11 ต.ค.68 | D97: =รายวัน!I12 -> 0 | G97: ออมสิน | H97: 0 | K97: ค่าตอบแทน ฉ.11 ต.ค.68 | M97: =รายวัน!I24 -> 0 | P97: ออมสิน | Q97: 0
B98: ค่าตอบแทนนอกเวลาราชการ ต.ค.68 | D98: =รายวัน!J12 -> 0 | G98: กยศ. | H98: =รายวัน!S12 -> 0 | K98: ค่าตอบแทนนอกเวลาราชการ ต.ค.68 | M98: =รายวัน!J24 -> 0 | P98: กยศ. | Q98: =รายวัน!S24 -> 0
B99: ตกเบิกเงินเดือน | D99: =รายวัน!K12 -> 0 | G99: ไฟฟ้า | H99: =ข้าราชการ!AC122 -> 0 | K99: ตกเบิกเงินเดือน | M99: =รายวัน!K25 -> 0 | P99: ไฟฟ้า | Q99: =รายวัน!T24 -> 0
B100: ค่าการศึกษาบุตร | D100: 0 | G100: ประปา | H100: =ข้าราชการ!AD122 -> 0 | K100: ค่าการศึกษาบุตร | M100: 0 | P100: ประปา | Q100: =รายวัน!U24 -> 0
B101: ค่ารักษาพยาบาล | D101: 0 | K101: ค่ารักษาพยาบาล | M101: 0
B102: รวมรับ | D102: =SUM(D93:D101) -> 0 | G102: รวมจ่าย | H102: =SUM(H93:H101) -> 0 | K102: รวมรับ | M102: =SUM(M93:M101) -> 0 | P102: รวมจ่าย | Q102: =SUM(Q93:Q101) -> 0
C103: คงเหลือสุทธิ | D103: =D102-H102 -> 0 | F103: บาท | L103: คงเหลือสุทธิ | M103: =M102-Q102 -> 0 | O103: บาท
C104: ="("&BAHTTEXT(D103)&")" -> (ศูนย์บาทถ้วน) | L104: ="("&BAHTTEXT(M103)&")" -> (ศูนย์บาทถ้วน)
A109: (นางสาวพนิดา พลนงค์) | J109: (นางสาวพนิดา พลนงค์)
A110: นักจัดการงานทั่วไปปฏิบัติการ | J110: นักจัดการงานทั่วไปปฏิบัติการ
A111: =รว!J111 -> โรงพยาบาลสามโคก ประจำเดือน พฤศจิกายน 2568 | J111: =ขร1!A1 -> โรงพยาบาลสามโคก ประจำเดือน พฤศจิกายน 2568
A112: ชื่อ นายศุภมิตร มีผล ตำแหน่ง พนักงานการแพทย์และรังสีเทคนิค | J112: ชื่อ นางสาวธันยา น้ำจันทร์เจริญ ตำแหน่ง พนักงานช่วยเหลือคนไข้
B114: รายรับ | G114: รายจ่าย | K114: รายรับ | P114: รายจ่าย
B115: เงินเดือน | D115: =รายวัน!E13 -> 0 | G115: ภาษี | H115: =ข้าราชการ!W144 -> 0 | K115: เงินเดือน | M115: =รายวัน!E25 -> 0 | P115: ภาษี | Q115: =ข้าราชการ!E269 -> 0
B116: เงินประจำตำแหน่ง/เท่าตำแหน่ง | D116: 0 | G116: ประกันสังคม | H116: =รายวัน!O13 -> 0 | K116: เงินประจำตำแหน่ง/เท่าตำแหน่ง | M116: 0 | P116: ประกันสังคม | Q116: =รายวัน!O25 -> 0
B117: เงินเพิ่มพิเศษไม่ทำเวชปฏิบัติ | D117: 0 | G117: สหกรณ์ | H117: 0 | K117: เงินเพิ่มพิเศษไม่ทำเวชปฏิบัติ | M117: 0 | P117: สหกรณ์ | Q117: 0
B118: ค่าตอบแทน พตส. | D118: 0 | G118: ฌาปณกิจสงเคราะห์ | H118: 0 | K118: ค่าตอบแทน พตส. | M118: =รายวัน!H25 -> 0 | P118: ฌาปณกิจสงเคราะห์ | Q118: 0
B119: ค่าตอบแทน ฉ.11 ต.ค.68 | D119: =รายวัน!I13 -> 0 | G119: ออมสิน | H119: 0 | K119: ค่าตอบแทน ฉ.11 ต.ค.68 | M119: =รายวัน!I25 -> 0 | P119: ออมสิน | Q119: 0
B120: ค่าตอบแทนนอกเวลาราชการ ต.ค.68 | D120: =รายวัน!J13 -> 0 | G120: กรุงไทย | H120: =ข้าราชการ!AB144 -> 0 | K120: ค่าตอบแทนนอกเวลาราชการ ต.ค.68 | M120: =รายวัน!J25 -> 0 | P120: กยศ. | Q120: =รายวัน!S25 -> 0
B121: ตกเบิกเงินเดือน | D121: =รายวัน!K13 -> 0 | G121: ไฟฟ้า | H121: =ข้าราชการ!AC144 -> 0 | K121: ตกเบิกเงินเดือน | M121: =รายวัน!K28 -> 0 | P121: ไฟฟ้า | Q121: =รายวัน!T25 -> 0
B122: ค่าการศึกษาบุตร | D122: 0 | G122: ประปา | H122: =ข้าราชการ!AD144 -> 0 | K122: ค่าการศึกษาบุตร | M122: =ข้าราชการ!C269 -> 0 | P122: ประปา | Q122: =รายวัน!U25 -> 0
B123: ค่ารักษาพยาบาล | D123: 0 | K123: ค่ารักษาพยาบาล | M123: 0
B124: รวมรับ | D124: =SUM(D115:D123) -> 0 | G124: รวมจ่าย | H124: =SUM(H115:H123) -> 0 | K124: รวมรับ | M124: =SUM(M115:M123) -> 0 | P124: รวมจ่าย | Q124: =SUM(Q115:Q123) -> 0
C125: คงเหลือสุทธิ | D125: =D124-H124 -> 0 | F125: บาท | L125: คงเหลือสุทธิ | M125: =M124-Q124 -> 0 | O125: บาท
C126: ="("&BAHTTEXT(D125)&")" -> (ศูนย์บาทถ้วน) | L126: ="("&BAHTTEXT(M125)&")" -> (ศูนย์บาทถ้วน)
...

Sheet รว (2)
A1: =รว!J199 -> โรงพยาบาลสามโคก ประจำเดือน พฤศจิกายน 2568 | J1: =รว!J221 -> โรงพยาบาลสามโคก ประจำเดือน พฤศจิกายน 2568
A2: ชื่อ นายอัครชัย อุบลพงษ์ ตำแหน่ง พนักงานช่วยเหลือคนไข้ | J2: ชื่อ นางสาวนงลักษณ์ พวงศิลป์ ตำแหน่ง พนักงานบริการ
B4: รายรับ | G4: รายจ่าย | K4: รายรับ | P4: รายจ่าย
B5: เงินเดือน | D5: =รายวัน!E34 -> 0 | G5: ภาษี | H5: =ข้าราชการ!E423 -> 0 | K5: เงินเดือน | M5: =รายวัน!E51 -> 0 | P5: ภาษี | Q5: 0
B6: เงินประจำตำแหน่ง/เท่าตำแหน่ง | D6: 0 | G6: ประกันสังคม | H6: =รายวัน!O34 -> 0 | K6: เงินประจำตำแหน่ง/เท่าตำแหน่ง | M6: 0 | P6: ประกันสังคม | Q6: =รายวัน!O51 -> 0
B7: เงินเพิ่มพิเศษไม่ทำเวชปฏิบัติ | D7: 0 | G7: สหกรณ์ | H7: 0 | K7: เงินเพิ่มพิเศษไม่ทำเวชปฏิบัติ | M7: 0 | P7: สหกรณ์ | Q7: 0
B8: ค่าตอบแทน พตส. | D8: =รายวัน!H34 -> 0 | G8: ฌาปณกิจสงเคราะห์ | H8: 0 | K8: ค่าตอบแทน พตส. | M8: =รายวัน!H51 -> 0 | P8: ฌาปณกิจสงเคราะห์ | Q8: 0
B9: ค่าตอบแทน ฉ.11 ต.ค.68 | D9: =รายวัน!I34 -> 0 | G9: ออมสิน | H9: 0 | K9: ค่าตอบแทน ฉ.11 ต.ค.68 | M9: =รายวัน!I51 -> 0 | P9: ออมสิน | Q9: 0
B10: ค่าตอบแทนนอกเวลาราชการ | D10: =รายวัน!J34 -> 0 | G10: กยศ. | H10: =รายวัน!S34 -> 0 | K10: ค่าตอบแทนนอกเวลาราชการ ต.ค.68 | M10: =รายวัน!J51 -> 0 | P10: กรุงไทย | Q10: =ข้าราชการ!S489 -> 0
B11: ตกเบิกเงินเดือน | D11: =รายวัน!K34 -> 0 | G11: ไฟฟ้า | H11: =รายวัน!T34 -> 0 | K11: ตกเบิกเงินเดือน | M11: =รายวัน!K51 -> 0 | P11: ไฟฟ้า | Q11: =รายวัน!T51 -> 0
B12: ค่าการศึกษาบุตร | D12: =ข้าราชการ!C423 -> 0 | G12: ประปา | H12: =รายวัน!U34 -> 0 | K12: ค่าการศึกษาบุตร | M12: =ข้าราชการ!L489 -> 0 | P12: ประปา | Q12: =รายวัน!U51 -> 0
B13: ค่ารักษาพยาบาล | D13: 0 | K13: ค่ารักษาพยาบาล | M13: 0
B14: รวมรับ | D14: =SUM(D5:D13) -> 0 | G14: รวมจ่าย | H14: =SUM(H5:H13) -> 0 | K14: รวมรับ | M14: =SUM(M5:M13) -> 0 | P14: รวมจ่าย | Q14: =SUM(Q5:Q13) -> 0
C15: คงเหลือสุทธิ | D15: =D14-H14 -> 0 | F15: บาท | L15: คงเหลือสุทธิ | M15: =M14-Q14 -> 0 | O15: บาท
C16: ="("&BAHTTEXT(D15)&")" -> (ศูนย์บาทถ้วน) | L16: ="("&BAHTTEXT(M15)&")" -> (ศูนย์บาทถ้วน)
A21: (นางสาวพนิดา พลนงค์) | J21: (นางสาวพนิดา พลนงค์)
A22: นักจัดการงานทั่วไปปฏิบัติการ | J22: นักจัดการงานทั่วไปปฏิบัติการ
A23: =รว!J243 -> โรงพยาบาลสามโคก ประจำเดือน พฤศจิกายน 2568 | J23: =รว!J243 -> โรงพยาบาลสามโคก ประจำเดือน พฤศจิกายน 2568
A24: ชื่อ นางสาวภัทรสุดา มงคลธง ตำแหน่ง พนักงานช่วยเหลือคนไข้ | J24: ชื่อ นายอนุชา เขียวอำพร ตำแหน่ง พนักงานเปล
B26: รายรับ | G26: รายจ่าย | K26: รายรับ | P26: รายจ่าย
B27: เงินเดือน | D27: =รายวัน!E35 -> 0 | G27: ภาษี | H27: 0 | K27: เงินเดือน | M27: =รายวัน!E52 -> 0 | P27: ภาษี | Q27: 0
B28: เงินประจำตำแหน่ง/เท่าตำแหน่ง | D28: 0 | G28: ประกันสังคม | H28: =รายวัน!O35 -> 0 | K28: เงินประจำตำแหน่ง/เท่าตำแหน่ง | M28: 0 | P28: ประกันสังคม | Q28: =รายวัน!O52 -> 0
B29: เงินเพิ่มพิเศษไม่ทำเวชปฏิบัติ | D29: 0 | G29: สหกรณ์ | H29: 0 | K29: เงินเพิ่มพิเศษไม่ทำเวชปฏิบัติ | M29: 0 | P29: สหกรณ์ | Q29: 0
B30: ค่าตอบแทน พตส. | D30: =รายวัน!H35 -> 0 | G30: ฌาปณกิจสงเคราะห์ | H30: 0 | K30: ค่าตอบแทน พตส. | M30: =รายวัน!H52 -> 0 | P30: ฌาปณกิจสงเคราะห์ | Q30: 0
B31: ค่าตอบแทน ฉ.11 ต.ค.68 | D31: =รายวัน!I35 -> 0 | G31: ออมสิน | H31: 0 | K31: ค่าตอบแทน ฉ.11 | M31: =รายวัน!I52 -> 0 | P31: ออมสิน | Q31: 0
B32: ค่าตอบแทนนอกเวลาราชการ ต.ค.68 | D32: =รายวัน!J35 -> 0 | G32: กรุงไทย | H32: =ข้าราชการ!J489 -> 0 | K32: ค่าตอบแทนนอกเวลาราชการ | M32: =รายวัน!J52 -> 0 | P32: กรุงไทย | Q32: =ข้าราชการ!S511 -> 0
B33: ตกเบิกเงินเดือน | D33: =รายวัน!K35 -> 0 | G33: ไฟฟ้า | H33: =รายวัน!T35 -> 0 | K33: ตกเบิกเงินเดือน | M33: =รายวัน!K55 -> 0 | P33: ไฟฟ้า | Q33: =รายวัน!T52 -> 0
B34: ค่าการศึกษาบุตร | D34: =ข้าราชการ!C489 -> 0 | G34: ประปา | H34: =รายวัน!U35 -> 0 | K34: ค่าการศึกษาบุตร | M34: =ข้าราชการ!L511 -> 0 | P34: ประปา | Q34: =รายวัน!U52 -> 0
B35: ค่ารักษาพยาบาล | D35: 0 | K35: ค่ารักษาพยาบาล | M35: 0
B36: รวมรับ | D36: =SUM(D27:D35) -> 0 | G36: รวมจ่าย | H36: =SUM(H27:H35) -> 0 | K36: รวมรับ | M36: =SUM(M27:M35) -> 0 | P36: รวมจ่าย | Q36: =SUM(Q27:Q35) -> 0
C37: คงเหลือสุทธิ | D37: =D36-H36 -> 0 | F37: บาท | L37: คงเหลือสุทธิ | M37: =M36-Q36 -> 0 | O37: บาท
C38: ="("&BAHTTEXT(D37)&")" -> (ศูนย์บาทถ้วน) | L38: ="("&BAHTTEXT(M37)&")" -> (ศูนย์บาทถ้วน)
A43: (นางสาวพนิดา พลนงค์) | J43: (นางสาวพนิดา พลนงค์)
A44: นักจัดการงานทั่วไปปฏิบัติการ | J44: นักจัดการงานทั่วไปปฏิบัติการ
A45: =A23 -> โรงพยาบาลสามโคก ประจำเดือน พฤศจิกายน 2568 | J45: =A1 -> โรงพยาบาลสามโคก ประจำเดือน พฤศจิกายน 2568
A46: ชื่อ นางสาวเปมิกา นนทอ ตำแหน่ง พนักงานประจำห้องยา | J46: ชื่อ นางสาวอรพิมพ์ เชยผักแว่น ตำแหน่ง พนักงานบริการ
B48: รายรับ | G48: รายจ่าย | K48: รายรับ | P48: รายจ่าย
B49: เงินเดือน | D49: =รายวัน!E36 -> 0 | G49: ภาษี | H49: 0 | K49: เงินเดือน | M49: =รายวัน!E53 -> 0 | P49: ภาษี | Q49: 0
B50: เงินประจำตำแหน่ง/เท่าตำแหน่ง | D50: 0 | G50: ประกันสังคม | H50: =รายวัน!O36 -> 0 | K50: เงินประจำตำแหน่ง/เท่าตำแหน่ง | M50: 0 | P50: ประกันสังคม | Q50: =รายวัน!O53 -> 0
B51: เงินเพิ่มพิเศษไม่ทำเวชปฏิบัติ | D51: 0 | G51: สหกรณ์ | H51: 0 | K51: เงินเพิ่มพิเศษไม่ทำเวชปฏิบัติ | M51: 0 | P51: สหกรณ์ | Q51: 0
B52: ค่าตอบแทน พตส. | D52: =รายวัน!H36 -> 0 | G52: ฌาปณกิจสงเคราะห์ | H52: 0 | K52: ค่าตอบแทน พตส. | M52: =รายวัน!H53 -> 0 | P52: ฌาปณกิจสงเคราะห์ | Q52: 0
B53: ค่าตอบแทน ฉ.11 ต.ค.68 | D53: =รายวัน!I36 -> 0 | G53: ออมสิน | H53: 0 | K53: ค่าตอบแทน ฉ.11 | M53: =รายวัน!I53 -> 0 | P53: ออมสิน | Q53: 0
B54: ค่าตอบแทนนอกเวลาราชการ ต.ค.68 | D54: =รายวัน!J36 -> 0 | G54: กยศ. | H54: =รายวัน!S36 -> 0 | K54: ค่าตอบแทนนอกเวลาราชการ | M54: =รายวัน!J53 -> 0 | P54: กรุงไทย | Q54: =ข้าราชการ!S533 -> 0
B55: ตกเบิกเงินเดือน | D55: 0 | G55: ไฟฟ้า | H55: =รายวัน!T36 -> 0 | K55: ตกเบิกเงินเดือน | M55: 0 | P55: ไฟฟ้า | Q55: =รายวัน!T53 -> 0
B56: ค่าการศึกษาบุตร | D56: =ข้าราชการ!C533 -> 0 | G56: ประปา | H56: =รายวัน!U36 -> 0 | K56: ค่าการศึกษาบุตร | M56: =ข้าราชการ!L533 -> 0 | P56: ประปา | Q56: =รายวัน!U53 -> 0
B57: ค่ารักษาพยาบาล | D57: 0 | K57: ค่ารักษาพยาบาล | M57: 0
B58: รวมรับ | D58: =SUM(D49:D57) -> 0 | G58: รวมจ่าย | H58: =SUM(H49:H57) -> 0 | K58: รวมรับ | M58: =SUM(M49:M57) -> 0 | P58: รวมจ่าย | Q58: =SUM(Q49:Q57) -> 0
C59: คงเหลือสุทธิ | D59: =D58-H58 -> 0 | F59: บาท | L59: คงเหลือสุทธิ | M59: =M58-Q58 -> 0 | O59: บาท
C60: ="("&BAHTTEXT(D59)&")" -> (ศูนย์บาทถ้วน) | L60: ="("&BAHTTEXT(M59)&")" -> (ศูนย์บาทถ้วน)
A65: (นางสาวพนิดา พลนงค์) | J65: (นางสาวพนิดา พลนงค์)
A66: นักจัดการงานทั่วไปปฏิบัติการ | J66: นักจัดการงานทั่วไปปฏิบัติการ
A67: =รว!J221 -> โรงพยาบาลสามโคก ประจำเดือน พฤศจิกายน 2568
A68: ชื่อ นางวิภาพร วังสันต์ ตำแหน่ง แม่บ้าน
B70: รายรับ | G70: รายจ่าย
B71: เงินเดือน | D71: =รายวัน!E37 -> 0 | G71: ภาษี | H71: 0
B72: เงินประจำตำแหน่ง/เท่าตำแหน่ง | D72: 0 | G72: ประกันสังคม | H72: =รายวัน!O37 -> 0
B73: เงินเพิ่มพิเศษไม่ทำเวชปฏิบัติ | D73: 0 | G73: สหกรณ์ | H73: 0
B74: ค่าตอบแทน พตส. | D74: =รายวัน!H37 -> 0 | G74: ฌาปณกิจสงเคราะห์ | H74: 0
B75: ค่าตอบแทน ฉ.11 ต.ค.68 | D75: =รายวัน!I37 -> 0 | G75: กยศ. | H75: =รายวัน!S37 -> 0
B76: ค่าตอบแทนนอกเวลาราชการ ต.ค.68 | D76: =รายวัน!J37 -> 0 | G76: กรุงไทย | H76: =ข้าราชการ!J555 -> 0
B77: ตกเบิกเงินเดือน | D77: =รายวัน!K39 -> 0 | G77: ไฟฟ้า | H77: =รายวัน!T37 -> 0
B78: ค่าการศึกษาบุตร | D78: =ข้าราชการ!C555 -> 0 | G78: ประปา | H78: =รายวัน!U37 -> 0
B79: ค่ารักษาพยาบาล | D79: 0
B80: รวมรับ | D80: =SUM(D71:D79) -> 0 | G80: รวมจ่าย | H80: =SUM(H71:H79) -> 0
C81: คงเหลือสุทธิ | D81: =D80-H80 -> 0 | F81: บาท
C82: ="("&BAHTTEXT(D81)&")" -> (ศูนย์บาทถ้วน)
A87: (นางสาวพนิดา พลนงค์)
A88: นักจัดการงานทั่วไปปฏิบัติการ
A89: =A67 -> โรงพยาบาลสามโคก ประจำเดือน พฤศจิกายน 2568
A90: ชื่อ นายวีระพงษ์ อ่างแก้ว ตำแหน่ง พนักงานขับรถยนต์
B92: รายรับ | G92: รายจ่าย
B93: เงินเดือน | D93: =รายวัน!E38 -> 0 | G93: ภาษี | H93: 0
B94: เงินประจำตำแหน่ง/เท่าตำแหน่ง | D94: 0 | G94: ประกันสังคม | H94: =รายวัน!O38 -> 0
B95: เงินเพิ่มพิเศษไม่ทำเวชปฏิบัติ | D95: 0 | G95: สหกรณ์ | H95: 0
B96: ค่าตอบแทน พตส. | D96: =รายวัน!H38 -> 0 | G96: ฌาปณกิจสงเคราะห์ | H96: 0
B97: ค่าตอบแทน ฉ.11 ต.ค.68 | D97: =รายวัน!I38 -> 0 | G97: ออมสิน | H97: 0
B98: ค่าตอบแทนนอกเวลาราชการ ต.ค.68 | D98: =รายวัน!J38 -> 0 | G98: กรุงไทย | H98: =ข้าราชการ!J577 -> 0
B99: ตกเบิกเงินเดือน | D99: =รายวัน!K38 -> 0 | G99: ไฟฟ้า | H99: =รายวัน!T38 -> 0
B100: ค่าการศึกษาบุตร | D100: =ข้าราชการ!C577 -> 0 | G100: ประปา | H100: =รายวัน!U38 -> 0
B101: ค่ารักษาพยาบาล | D101: 0
B102: รวมรับ | D102: =SUM(D93:D101) -> 0 | G102: รวมจ่าย | H102: =SUM(H93:H101) -> 0
C103: คงเหลือสุทธิ | D103: =D102-H102 -> 0 | F103: บาท
C104: ="("&BAHTTEXT(D103)&")" -> (ศูนย์บาทถ้วน)
A109: (นางสาวพนิดา พลนงค์)
A110: นักจัดการงานทั่วไปปฏิบัติการ
A111: =A45 -> โรงพยาบาลสามโคก ประจำเดือน พฤศจิกายน 2568
A112: ชื่อ นางสาวปวริศา จันทา ตำแหน่ง พนักงานช่วยเหลือคนไข้
B114: รายรับ | G114: รายจ่าย
B115: เงินเดือน | D115: =รายวัน!E39 -> 0 | G115: ภาษี | H115: 0
B116: เงินประจำตำแหน่ง/เท่าตำแหน่ง | D116: 0 | G116: ประกันสังคม | H116: =รายวัน!O39 -> 0
B117: เงินเพิ่มพิเศษไม่ทำเวชปฏิบัติ | D117: 0 | G117: สหกรณ์ | H117: 0
B118: ค่าตอบแทน พตส. | D118: =รายวัน!H39 -> 0 | G118: ฌาปณกิจสงเคราะห์ | H118: 0
B119: ค่าตอบแทน ฉ.11 ต.ค.68 | D119: =รายวัน!I39 -> 0 | G119: ออมสิน | H119: 0
B120: ค่าตอบแทนนอกเวลาราชการ | D120: =รายวัน!J39 -> 0 | G120: กรุงไทย | H120: =ข้าราชการ!J599 -> 0
B121: ตกเบิกเงินเดือน | D121: =รายวัน!K42 -> 0 | G121: ไฟฟ้า | H121: =รายวัน!T39 -> 0
B122: ค่าการศึกษาบุตร | D122: =ข้าราชการ!C599 -> 0 | G122: ประปา | H122: =รายวัน!U39 -> 0
B123: ค่ารักษาพยาบาล | D123: 0
B124: รวมรับ | D124: =SUM(D115:D123) -> 0 | G124: รวมจ่าย | H124: =SUM(H115:H123) -> 0
C125: คงเหลือสุทธิ | D125: =D124-H124 -> 0 | F125: บาท
C126: ="("&BAHTTEXT(D125)&")" -> (ศูนย์บาทถ้วน)
...

Sheet 1ช่วย
A1: =ขร1!A1 -> โรงพยาบาลสามโคก ประจำเดือน พฤศจิกายน 2568
A2: ชื่อ นายประกาศ เปล่งพานิชย์
B4: รายรับ | G4: รายจ่าย
B5: เงินเดือน | D5: 0 | G5: ภาษี | H5: 0
B6: เงินประจำตำแหน่ง/เท่าตำแหน่ง | D6: 0 | G6: ประกันสังคม | H6: 0
B7: เงินเพิ่มพิเศษไม่ทำเวชปฏิบัติ | D7: 0 | G7: สหกรณ์ | H7: 0
B8: ค่าตอบแทน พตส. | D8: 0 | G8: ฌาปณกิจสงเคราะห์ | H8: 0
B9: ค่าตอบแทน ฉ.11 | D9: 0 | G9: ออมสิน | H9: 0
B10: ค่าตอบแทนนอกเวลาราชการ ต.ค.68 | D10: =ช่วย!J8 -> 2 | G10: ไฟฟ้า | H10: 0
B11: ตกเบิกเงินเดือน | D11: =ช่วย!K8 -> 0 | G11: ประปา | H11: 0
B12: ค่าการศึกษาบุตร | D12: 0
B13: ค่ารักษาพยาบาล | D13: 0
B14: รวมรายรับ | D14: =SUM(D5:D13) -> 2 | G14: รวมรายจ่าย | H14: =SUM(H5:H13) -> 0
C15: คงเหลือสุทธิ | D15: =D14-H14 -> 2 | F15: บาท
C16: ="("&BAHTTEXT(D15)&")" -> (สองบาทถ้วน)
A21: (นางสาวพนิดา พลนงค์)
A22: นักจัดการงานทั่วไปปฏิบัติการ
A23: =รว!A1 -> โรงพยาบาลสามโคก ประจำเดือน พฤศจิกายน 2568
A24: ชื่อ นางสาวน้ำฝน วงษ์เพ็ง
B26: รายรับ | G26: รายจ่าย
B27: เงินเดือน | D27: 0 | G27: ภาษี | H27: 0
B28: เงินประจำตำแหน่ง/เท่าตำแหน่ง | D28: 0 | G28: ประกันสังคม | H28: 0
B29: เงินเพิ่มพิเศษไม่ทำเวชปฏิบัติ | D29: 0 | G29: สหกรณ์ | H29: 0
B30: ค่าตอบแทน พตส. | D30: 0 | G30: ฌาปณกิจสงเคราะห์ | H30: 0
B31: ค่าตอบแทน ฉ.11 | D31: 0 | G31: ออมสิน | H31: 0
B32: ค่าตอบแทนนอกเวลาราชการ ต.ค.68 | D32: =ช่วย!J9 -> 0 | G32: ไฟฟ้า | H32: 0
B33: ตกเบิกเงินเดือน | D33: =ช่วย!K9 -> 0 | G33: ประปา | H33: 0
B34: ค่าการศึกษาบุตร | D34: 0
B35: ค่ารักษาพยาบาล | D35: 0
B36: รวมรายรับ | D36: =SUM(D27:D35) -> 0 | G36: รวมรายจ่าย | H36: =SUM(H27:H35) -> 0
C37: คงเหลือสุทธิ | D37: =D36-H36 -> 0 | F37: บาท
C38: ="("&BAHTTEXT(D37)&")" -> (ศูนย์บาทถ้วน)
A43: (นางสาวพนิดา พลนงค์)
A44: นักจัดการงานทั่วไปปฏิบัติการ
A45: =รว!A23 -> โรงพยาบาลสามโคก ประจำเดือน พฤศจิกายน 2568
A46: ชื่อ นางสาวณัฐนรี รัตนวงศ์
B48: รายรับ | G48: รายจ่าย
B49: เงินเดือน | D49: 0 | G49: ภาษี | H49: 0
B50: เงินประจำตำแหน่ง/เท่าตำแหน่ง | D50: 0 | G50: ประกันสังคม | H50: 0
B51: เงินเพิ่มพิเศษไม่ทำเวชปฏิบัติ | D51: 0 | G51: สหกรณ์ | H51: 0
B52: ค่าตอบแทน พตส. | D52: 0 | G52: ฌาปณกิจสงเคราะห์ | H52: 0
B53: ค่าตอบแทน ฉ.11 | D53: 0 | G53: ออมสิน | H53: 0
B54: ค่าตอบแทนนอกเวลาราชการ ต.ค.68 | D54: =ช่วย!J10 -> 0 | G54: ไฟฟ้า | H54: 0
B55: ตกเบิกเงินเดือน | D55: =ช่วย!K31 -> 0 | G55: ประปา | H55: 0
B56: ค่าการศึกษาบุตร | D56: 0
B57: ค่ารักษาพยาบาล | D57: 0
B58: รวมรายรับ | D58: =SUM(D49:D57) -> 0 | G58: รวมรายจ่าย | H58: =SUM(H49:H57) -> 0
C59: คงเหลือสุทธิ | D59: =D58-H58 -> 0 | F59: บาท
C60: ="("&BAHTTEXT(D59)&")" -> (ศูนย์บาทถ้วน)
A65: (นางสาวพนิดา พลนงค์)
A66: นักจัดการงานทั่วไปปฏิบัติการ
A67: =รว!A45 -> โรงพยาบาลสามโคก ประจำเดือน พฤศจิกายน 2568
A68: ชื่อ นางสาวฟารีดา อาดำ
B70: รายรับ | G70: รายจ่าย
B71: เงินเดือน | D71: 0 | G71: ภาษี | H71: 0
B72: เงินประจำตำแหน่ง/เท่าตำแหน่ง | D72: 0 | G72: ประกันสังคม | H72: 0
B73: เงินเพิ่มพิเศษไม่ทำเวชปฏิบัติ | D73: 0 | G73: สหกรณ์ | H73: 0
B74: ค่าตอบแทน พตส. | D74: 0 | G74: ฌาปณกิจสงเคราะห์ | H74: 0
B75: ค่าตอบแทน ฉ.11 | D75: 0 | G75: ออมสิน | H75: 0
B76: ค่าตอบแทนนอกเวลาราชการ ต.ค.68 | D76: =ช่วย!J11 -> 0 | G76: ไฟฟ้า | H76: 0
B77: ตกเบิกเงินเดือน | D77: =ช่วย!K53 -> 0 | G77: ประปา | H77: 0
B78: ค่าการศึกษาบุตร | D78: 0
B79: ค่ารักษาพยาบาล | D79: 0
B80: รวมรายรับ | D80: =SUM(D71:D79) -> 0 | G80: รวมรายจ่าย | H80: =SUM(H71:H79) -> 0
C81: คงเหลือสุทธิ | D81: =D80-H80 -> 0 | F81: บาท
C82: ="("&BAHTTEXT(D81)&")" -> (ศูนย์บาทถ้วน)
A87: (นางสาวพนิดา พลนงค์)
A88: นักจัดการงานทั่วไปปฏิบัติการ
A89: =รว!A67 -> โรงพยาบาลสามโคก ประจำเดือน พฤศจิกายน 2568
A90: ชื่อ นางสาวฟารีดา คชฤทธิ์
B92: รายรับ | G92: รายจ่าย
B93: เงินเดือน | D93: 0 | G93: ภาษี | H93: 0
B94: เงินประจำตำแหน่ง/เท่าตำแหน่ง | D94: 0 | G94: ประกันสังคม | H94: 0
B95: เงินเพิ่มพิเศษไม่ทำเวชปฏิบัติ | D95: 0 | G95: สหกรณ์ | H95: 0
B96: ค่าตอบแทน พตส. | D96: 0 | G96: ฌาปณกิจสงเคราะห์ | H96: 0
B97: ค่าตอบแทน ฉ.11 | D97: 0 | G97: ออมสิน | H97: 0
B98: ค่าตอบแทนนอกเวลาราชการ ต.ค.68 | D98: =ช่วย!J12 -> 0 | G98: ไฟฟ้า | H98: 0
B99: ตกเบิกเงินเดือน | D99: =ช่วย!K75 -> 0 | G99: ประปา | H99: 0
B100: ค่าการศึกษาบุตร | D100: 0
B101: ค่ารักษาพยาบาล | D101: 0
B102: รวมรายรับ | D102: =SUM(D93:D101) -> 0 | G102: รวมรายจ่าย | H102: =SUM(H93:H101) -> 0
C103: คงเหลือสุทธิ | D103: =D102-H102 -> 0 | F103: บาท
C104: ="("&BAHTTEXT(D103)&")" -> (ศูนย์บาทถ้วน)
A109: (นางสาวพนิดา พลนงค์)
A110: นักจัดการงานทั่วไปปฏิบัติการ
A111: =รว!A89 -> โรงพยาบาลสามโคก ประจำเดือน พฤศจิกายน 2568
A112: ชื่อ นายดนัย บางชวด
B114: รายรับ | G114: รายจ่าย
B115: เงินเดือน | D115: 0 | G115: ภาษี | H115: 0
B116: เงินประจำตำแหน่ง/เท่าตำแหน่ง | D116: 0 | G116: ประกันสังคม | H116: 0
B117: เงินเพิ่มพิเศษไม่ทำเวชปฏิบัติ | D117: 0 | G117: สหกรณ์ | H117: 0
B118: ค่าตอบแทน พตส. | D118: 0 | G118: ฌาปณกิจสงเคราะห์ | H118: 0
B119: ค่าตอบแทน ฉ.11 | D119: 0 | G119: ออมสิน | H119: 0
B120: ค่าตอบแทนนอกเวลาราชการ ต.ค.68 | D120: =ช่วย!J14 -> 0 | G120: ไฟฟ้า | H120: 0
B121: ตกเบิกเงินเดือน | D121: =ช่วย!K97 -> 0 | G121: ประปา | H121: 0
B122: ค่าการศึกษาบุตร | D122: 0
B123: ค่ารักษาพยาบาล | D123: 0
B124: รวมรายรับ | D124: =SUM(D115:D123) -> 0 | G124: รวมรายจ่าย | H124: =SUM(H115:H123) -> 0
C125: คงเหลือสุทธิ | D125: =D124-H124 -> 0 | F125: บาท
C126: ="("&BAHTTEXT(D125)&")" -> (ศูนย์บาทถ้วน)
...
